"","ticker","quarter_end","iQuarter","tickerQ","signal_subrevenue","isRight","signal_theta","signal_RF","signal_perfect","signal_subrevenue2","announcement_date","sales","bbg","adj.Announcement.Date"
"1","aan us equity",2015-03-31,0,"aan0",-1,0,"1","-1",1,NA,"4/24/2015","821.814",794.143,"2015-04-23"
"2","aan us equity",2015-06-30,1,"aan1",1,1,"1","1",1,NA,"7/24/2015","769.049",763.875,"2015-07-23"
"3","aan us equity",2015-09-30,2,"aan2",-1,1,"1","1",-1,"-1","10/30/2015","767.694",779.75,"2015-10-29"
"4","aan us equity",2015-12-31,3,"aan3",1,1,"-1","-1",1,"1","2/18/2016","821.199",807,"2016-02-17"
"5","aan us equity",2016-03-31,4,"aan4",-1,1,"-1","-1",-1,"-1","4/29/2016","854.427",861.857,"2016-04-28"
"6","aan us equity",2016-06-30,5,"aan5",-1,1,"-1","-1",-1,"-1","7/29/2016","789.353",811,"2016-07-28"
"7","aan us equity",2016-09-30,6,"aan6",1,0,"1","1",-1,"1","10/28/2016","768.982",784.333,"2016-10-27"
"8","aan us equity",2016-12-31,7,"aan7",1,0,"1","1",-1,"1","2/17/2017","794.954",816.875,"2017-02-16"
"9","aan us equity",2017-03-31,8,"aan8",-1,0,"-1","-1",1,"-1","4/28/2017","844.554",831.375,"2017-04-27"
"10","aap us equity",2015-03-31,0,"aap0",-1,1,NA,NA,-1,"-1","5/21/2015","3038.233",3048.444,"2015-05-20"
"11","aap us equity",2015-06-30,1,"aap1",1,0,NA,NA,-1,NA,"8/13/2015","2370.037",2383.714,"2015-08-12"
"12","aap us equity",2015-09-30,2,"aap2",1,0,NA,NA,-1,"1","11/12/2015","2295.203",2326.947,"2015-11-11"
"13","aap us equity",2015-12-31,3,"aap3",1,0,NA,NA,-1,"1","2/11/2016","2033.545",2050.389,"2016-02-10"
"14","aap us equity",2016-03-31,4,"aap4",-1,1,NA,NA,-1,"-1","5/19/2016","2979.778",3006.625,"2016-05-18"
"15","aap us equity",2016-06-30,5,"aap5",1,1,NA,NA,1,"1","8/16/2016","2256.155",2243.556,"2016-08-15"
"16","aap us equity",2016-09-30,6,"aap6",1,1,NA,NA,1,"1","11/14/2016","2248.855",2198.263,"2016-11-14"
"17","aap us equity",2016-12-31,7,"aap7",1,1,NA,NA,1,"1","2/21/2017","2082.891",2016.286,"2017-02-20"
"18","aap us equity",2017-03-31,8,"aap8",-1,1,NA,NA,-1,"-1","5/24/2017","2890.838",2949.286,"2017-05-23"
"19","aeo us equity",2015-04-30,0,"aeo0",1,1,"-1","1",1,"1","5/20/2015","699.52",691.5,"2015-05-19"
"20","aeo us equity",2015-07-31,1,"aeo1",1,1,"1","1",1,"1","8/19/2015","797.428",769.44,"2015-08-18"
"21","aeo us equity",2015-10-31,2,"aeo2",-1,1,"-1","-1",-1,"-1","12/2/2015","919.072",928.167,"2015-12-02"
"22","aeo us equity",2016-01-31,3,"aeo3",-1,1,"-1","-1",-1,"-1","3/2/2016","1105.828",1116.762,"2016-03-02"
"23","aeo us equity",2016-04-30,4,"aeo4",1,1,"1","1",1,"1","5/18/2016","749.416",731.087,"2016-05-18"
"24","aeo us equity",2016-07-31,5,"aeo5",1,1,"1","1",1,"1","8/17/2016","822.594",819.9,"2016-08-16"
"25","aeo us equity",2016-10-31,6,"aeo6",-1,1,"-1","1",-1,"-1","11/30/2016","940.609",941.3,"2016-11-29"
"26","aeo us equity",2017-01-31,7,"aeo7",1,0,"-1","-1",-1,"1","3/1/2017","1097.246",1111.25,"2017-02-28"
"27","aeo us equity",2017-04-30,8,"aeo8",1,1,"1","1",1,"1","5/17/2017","761.836",741.778,"2017-05-16"
"28","an us equity",2015-03-31,0,"an0",1,1,"1","1",1,"1","4/22/2015","4944.2",4826,"2015-04-21"
"29","an us equity",2015-06-30,1,"an1",-1,1,"-1","-1",-1,"-1","7/22/2015","5224.3",5237.2,"2015-07-21"
"30","an us equity",2015-09-30,2,"an2",-1,0,"-1","-1",1,"-1","10/28/2015","5353.7",5347.917,"2015-10-27"
"31","an us equity",2015-12-31,3,"an3",-1,1,"-1","-1",-1,"-1","1/28/2016","5339.8",5437.833,"2016-01-27"
"32","an us equity",2016-03-31,4,"an4",1,0,"1","1",-1,"1","4/22/2016","5119.6",5295.462,"2016-04-21"
"33","an us equity",2016-06-30,5,"an5",-1,1,"-1","-1",-1,"-1","7/29/2016","5441.4",5494.917,"2016-07-28"
"34","an us equity",2016-09-30,6,"an6",-1,1,"-1","-1",-1,"-1","10/28/2016","5567.5",5611.692,"2016-10-27"
"35","an us equity",2016-12-31,7,"an7",-1,1,"-1","-1",-1,"-1","2/3/2017","5480.5",5615,"2017-02-02"
"36","an us equity",2017-03-31,8,"an8",1,0,"1","1",-1,"1","4/25/2017","5139.4",5318.077,"2017-04-24"
"37","azo us equity",2015-05-31,0,"azo0",1,0,NA,NA,-1,"1","5/26/2015","2493.021",2496.091,"2015-05-25"
"38","azo us equity",2015-08-31,1,"azo1",-1,0,NA,NA,1,"-1","9/22/2015","3290.404",3255.118,"2015-09-21"
"39","azo us equity",2015-11-30,2,"azo2",1,0,NA,NA,-1,"1","12/8/2015","2386.043",2390.389,"2015-12-07"
"40","azo us equity",2016-02-29,3,"azo3",1,0,NA,NA,-1,"1","3/1/2016","2257.192",2259,"2016-02-29"
"41","azo us equity",2016-05-31,4,"azo4",-1,1,NA,NA,-1,"-1","5/24/2016","2593.672",2630.059,"2016-05-23"
"42","azo us equity",2016-08-31,5,"azo5",-1,1,NA,NA,-1,"-1","9/22/2016","3398.769",3423.842,"2016-09-21"
"43","azo us equity",2016-11-30,6,"azo6",-1,1,NA,NA,-1,"-1","12/6/2016","2467.845",2487.889,"2016-12-05"
"44","azo us equity",2017-02-28,7,"azo7",1,0,NA,NA,-1,"1","2/28/2017","2289.219",2345.095,"2017-02-27"
"45","azo us equity",2017-05-31,8,"azo8",-1,1,NA,NA,-1,"-1","5/23/2017","2619.007",2695.905,"2017-05-22"
"46","bbby us equity",2015-05-31,0,"bbby0",1,0,NA,NA,-1,"1","6/24/2015","2738.495",2743.474,"2015-06-24"
"47","bbby us equity",2015-08-31,1,"bbby1",-1,1,NA,NA,-1,"-1","9/24/2015","2995.469",3032.211,"2015-09-24"
"48","bbby us equity",2015-11-30,2,"bbby2",-1,1,NA,NA,-1,"-1","1/7/2016","2952.031",2964.706,"2016-01-07"
"49","bbby us equity",2016-02-29,3,"bbby3",-1,0,NA,NA,1,"-1","4/6/2016","3417.892",3384.167,"2016-04-06"
"50","bbby us equity",2016-05-31,4,"bbby4",1,0,NA,NA,-1,"1","6/22/2016","2738.084",2777.19,"2016-06-22"
"51","bbby us equity",2016-08-31,5,"bbby5",-1,1,NA,NA,-1,"-1","9/21/2016","2988.235",3050.7,"2016-09-21"
"52","bbby us equity",2016-11-30,6,"bbby6",1,0,NA,NA,-1,"1","12/21/2016","2955.484",3012.8,"2016-12-21"
"53","bbby us equity",2017-02-28,7,"bbby7",1,1,NA,NA,1,"1","4/5/2017","3533.954",3501.095,"2017-04-05"
"54","bby us equity",2015-04-30,0,"bby0",-1,0,"-1","-1",1,"-1","5/21/2015","8558",8464.45,"2015-05-20"
"55","bby us equity",2015-07-31,1,"bby1",1,1,"1","1",1,"1","8/25/2015","8528",8287.316,"2015-08-24"
"56","bby us equity",2015-10-31,2,"bby2",1,0,"1","1",-1,"1","11/19/2015","8819",8831.444,"2015-11-18"
"57","bby us equity",2016-01-31,3,"bby3",-1,0,"-1","-1",1,"-1","2/25/2016","13623",13590,"2016-02-24"
"58","bby us equity",2016-04-30,4,"bby4",1,1,"1","1",1,"1","5/24/2016","8443",8292.947,"2016-05-23"
"59","bby us equity",2016-07-31,5,"bby5",1,1,"1","1",1,"1","8/23/2016","8533",8391.444,"2016-08-22"
"60","bby us equity",2016-10-31,6,"bby6",1,1,"1","1",1,"1","11/17/2016","8945",8847.579,"2016-11-16"
"61","bby us equity",2017-01-31,7,"bby7",-1,1,"-1","-1",-1,"-1","3/1/2017","13482",13624.81,"2017-02-28"
"62","bby us equity",2017-04-30,8,"bby8",1,1,"1","1",1,"1","5/25/2017","8528",8277.667,"2017-05-24"
"63","big us equity",2015-04-30,0,"big0",-1,1,NA,NA,-1,"-1","5/29/2015","1280.455",1282.214,"2015-05-28"
"64","big us equity",2015-07-31,1,"big1",-1,0,NA,NA,1,"-1","8/28/2015","1209.686",1201.846,"2015-08-27"
"65","big us equity",2015-10-31,2,"big2",1,0,NA,NA,-1,"1","12/4/2015","1116.474",1119,"2015-12-03"
"66","big us equity",2016-01-31,3,"big3",-1,1,NA,NA,-1,"-1","3/4/2016","1583.967",1603.417,"2016-03-03"
"67","big us equity",2016-04-30,4,"big4",1,1,NA,NA,1,"1","5/27/2016","1312.575",1295.5,"2016-05-26"
"68","big us equity",2016-07-31,5,"big5",1,0,NA,NA,-1,"1","8/26/2016","1203.155",1216,"2016-08-25"
"69","big us equity",2016-10-31,6,"big6",1,0,NA,NA,-1,"1","12/2/2016","1105.498",1117.833,"2016-12-01"
"70","big us equity",2017-01-31,7,"big7",-1,1,NA,NA,-1,"-1","3/3/2017","1579.211",1588.462,"2017-03-02"
"71","big us equity",2017-04-30,8,"big8",-1,1,NA,NA,-1,"-1","5/26/2017","1296.787",1308.571,"2017-05-25"
"72","bjri us equity",2015-03-31,0,"bjri0",-1,1,"-1","-1",-1,"-1","4/23/2015","225.069",226.714,"2015-04-23"
"73","bjri us equity",2015-06-30,1,"bjri1",-1,1,"-1","-1",-1,"-1","7/23/2015","232.013",236.143,"2015-07-23"
"74","bjri us equity",2015-09-30,2,"bjri2",1,1,"1",NA,1,"1","10/22/2015","229.412",228.154,"2015-10-22"
"75","bjri us equity",2015-12-31,3,"bjri3",1,0,"1","1",-1,"1","2/18/2016","233.103",234.077,"2016-02-18"
"76","bjri us equity",2016-03-31,4,"bjri4",-1,1,"-1","1",-1,"-1","4/21/2016","243.401",244.833,"2016-04-21"
"77","bjri us equity",2016-06-30,5,"bjri5",-1,1,"-1","-1",-1,"-1","7/26/2016","250.328",252.833,"2016-07-26"
"78","bjri us equity",2016-09-30,6,"bjri6",1,0,"1","1",-1,"1","10/19/2016","233.702",239.231,"2016-10-19"
"79","bjri us equity",2016-12-31,7,"bjri7",-1,0,"-1","-1",1,"-1","2/23/2017","265.621",264.167,"2017-02-23"
"80","bjri us equity",2017-03-31,8,"bjri8",-1,0,"-1","-1",1,"-1","4/27/2017","257.816",255.818,"2017-04-27"
"81","bke us equity",2015-04-30,0,"bke0",-1,1,NA,NA,-1,"-1","5/21/2015","271.345",271.5,"2015-05-20"
"82","bke us equity",2015-07-31,1,"bke1",1,1,NA,NA,1,"1","8/20/2015","236.053",236,"2015-08-19"
"83","bke us equity",2015-10-31,2,"bke2",-1,0,NA,NA,1,"-1","11/19/2015","280.187",280,"2015-11-18"
"84","bks us equity",2015-04-30,0,"bks0",-1,0,NA,NA,1,NA,"6/25/2015","1184.079",1172.667,"2015-06-24"
"85","bks us equity",2015-07-31,1,"bks1",1,1,NA,NA,1,"1","9/9/2015","1217.542",999,"2015-09-08"
"86","bks us equity",2015-10-31,2,"bks2",1,0,NA,NA,-1,"1","12/3/2015","894.654",918,"2015-12-03"
"87","bks us equity",2016-01-31,3,"bks3",-1,1,NA,NA,-1,"-1","3/3/2016","1413.947",1423,"2016-03-02"
"88","bks us equity",2016-04-30,4,"bks4",1,0,NA,NA,-1,"1","6/22/2016","876.684",881.5,"2016-06-22"
"89","bks us equity",2016-07-31,5,"bks5",1,0,NA,NA,-1,"-1","9/8/2016","913.882",958.5,"2016-09-07"
"90","bks us equity",2016-10-31,6,"bks6",-1,0,NA,NA,1,"-1","11/22/2016","858.548",845,"2016-11-21"
"91","bks us equity",2017-01-31,7,"bks7",-1,0,NA,NA,1,"-1","3/2/2017","1300.908",1284.5,"2017-03-01"
"92","blmn us equity",2015-03-31,0,"blmn0",-1,1,NA,NA,-1,NA,"5/5/2015","1202.059",1211.889,"2015-05-04"
"93","blmn us equity",2015-06-30,1,"blmn1",-1,1,NA,NA,-1,NA,"8/4/2015","1099.597",1104.818,"2015-08-03"
"94","blmn us equity",2015-09-30,2,"blmn2",1,0,NA,NA,-1,"1","11/3/2015","1026.721",1035.154,"2015-11-02"
"95","blmn us equity",2015-12-31,3,"blmn3",-1,1,NA,NA,-1,"-1","2/17/2016","1049.299",1062.5,"2016-02-16"
"96","blmn us equity",2016-03-31,4,"blmn4",1,0,NA,NA,-1,"-1","4/26/2016","1164.188",1166.545,"2016-04-25"
"97","blmn us equity",2016-06-30,5,"blmn5",1,0,NA,NA,-1,"-1","7/29/2016","1078.588",1090.583,"2016-07-28"
"98","blmn us equity",2016-09-30,6,"blmn6",1,1,NA,NA,1,"1","10/28/2016","1005.387",1004.667,"2016-10-27"
"99","blmn us equity",2016-12-31,7,"blmn7",-1,1,NA,NA,-1,"-1","2/17/2017","1004.149",1020.417,"2017-02-16"
"100","blmn us equity",2017-03-31,8,"blmn8",-1,0,NA,NA,1,"-1","4/26/2017","1143.823",1134.091,"2017-04-25"
"101","bobe us equity",2015-04-30,0,"bobe0",1,1,NA,NA,1,"1","6/16/2015","332.393",329,"2015-06-16"
"102","bobe us equity",2015-07-31,1,"bobe1",1,0,NA,NA,-1,"1","9/1/2015","321.713",324.333,"2015-09-01"
"103","bobe us equity",2015-10-31,2,"bobe2",-1,1,NA,NA,-1,"-1","12/1/2015","325.021",330,"2015-12-01"
"104","bobe us equity",2016-01-31,3,"bobe3",1,1,NA,NA,1,"1","3/1/2016","346.505",344.5,"2016-03-01"
"105","bobe us equity",2016-04-30,4,"bobe4",-1,0,NA,NA,1,"-1","6/14/2016","345.587",345.333,"2016-06-14"
"106","bobe us equity",2016-07-31,5,"bobe5",-1,1,NA,NA,-1,"-1","8/31/2016","306.317",311,"2016-08-30"
"107","bobe us equity",2016-10-31,6,"bobe6",-1,1,NA,NA,-1,"-1","12/5/2016","315.963",318,"2016-12-05"
"108","bobe us equity",2017-01-31,7,"bobe7",-1,1,NA,NA,-1,"-1","3/8/2017","335.9",344.667,"2017-03-07"
"109","bobe us equity",2017-04-30,8,"bobe8",1,0,NA,NA,-1,"1","6/15/2017","99.923",105.5,"2017-06-14"
"110","burl us equity",2015-04-30,0,"burl0",-1,1,"-1","-1",-1,"-1","6/9/2015","1190.919",1219.091,"2015-06-08"
"111","burl us equity",2015-07-31,1,"burl1",1,1,"1","1",1,"1","8/27/2015","1144.218",1122,"2015-08-26"
"112","burl us equity",2015-10-31,2,"burl2",1,0,"1","1",-1,"1","11/24/2015","1238.669",1242.091,"2015-11-23"
"113","burl us equity",2016-01-31,3,"burl3",-1,0,"-1","-1",1,"-1","3/3/2016","1548.682",1544.333,"2016-03-02"
"114","burl us equity",2016-04-30,4,"burl4",1,1,"1","1",1,"1","5/26/2016","1288.884",1269.917,"2016-05-25"
"115","burl us equity",2016-07-31,5,"burl5",1,1,"1","1",1,"1","8/25/2016","1260.716",1242.667,"2016-08-24"
"116","burl us equity",2016-10-31,6,"burl6",1,1,"1","1",1,"1","11/22/2016","1349.047",1326,"2016-11-21"
"117","burl us equity",2017-01-31,7,"burl7",-1,0,"-1","-1",1,"-1","3/2/2017","1692.304",1663.786,"2017-03-01"
"118","burl us equity",2017-04-30,8,"burl8",-1,1,"-1","1",-1,"-1","5/25/2017","1352.219",1367.125,"2017-05-24"
"119","bwld us equity",2015-03-31,0,"bwld0",-1,1,NA,NA,-1,"-1","4/28/2015","440.586",452.667,"2015-04-28"
"120","bwld us equity",2015-06-30,1,"bwld1",1,0,NA,NA,-1,"1","7/28/2015","426.387",429.696,"2015-07-28"
"121","bwld us equity",2015-09-30,2,"bwld2",-1,1,NA,NA,-1,"-1","10/28/2015","455.526",466.792,"2015-10-28"
"122","bwld us equity",2015-12-31,3,"bwld3",-1,1,NA,NA,-1,"-1","2/3/2016","490.223",507.708,"2016-02-03"
"123","bwld us equity",2016-03-31,4,"bwld4",-1,1,NA,NA,-1,"-1","4/26/2016","508.257",530.792,"2016-04-26"
"124","bwld us equity",2016-06-30,5,"bwld5",1,0,NA,NA,-1,"1","7/26/2016","490.178",498.167,"2016-07-26"
"125","bwld us equity",2016-09-30,6,"bwld6",1,0,NA,NA,-1,"1","10/26/2016","494.167",500.44,"2016-10-26"
"126","bwld us equity",2016-12-31,7,"bwld7",1,0,NA,NA,-1,"1","2/7/2017","494.191",513.13,"2017-02-07"
"127","bwld us equity",2017-03-31,8,"bwld8",-1,1,NA,NA,-1,"-1","4/26/2017","534.763",536.143,"2017-04-26"
"128","cab us equity",2015-03-31,0,"cab0",1,1,"1","1",1,"1","4/23/2015","827.076",804.2,"2015-04-22"
"129","cab us equity",2015-06-30,1,"cab1",1,0,"1","1",-1,"1","7/23/2015","836.276",851.353,"2015-07-22"
"130","cab us equity",2015-09-30,2,"cab2",-1,1,"-1",NA,-1,"-1","10/22/2015","926.523",973.133,"2015-10-21"
"131","cab us equity",2015-12-31,3,"cab3",-1,0,"-1","-1",1,"-1","2/18/2016","1407.827",1383.357,"2016-02-17"
"132","cab us equity",2016-03-31,4,"cab4",1,0,"1","1",-1,"1","4/28/2016","864.662",892.308,"2016-04-27"
"133","cab us equity",2016-06-30,5,"cab5",1,1,"1",NA,1,"1","7/28/2016","929.897",905.273,"2016-07-27"
"134","cab us equity",2016-09-30,6,"cab6",1,0,"1","1",-1,"1","10/26/2016","996.495",1016.4,"2016-10-25"
"135","cab us equity",2016-12-31,7,"cab7",-1,1,"-1","-1",-1,"-1","2/16/2017","1338.305",1425,"2017-02-15"
"136","cab us equity",2017-03-31,8,"cab8",-1,1,"-1","1",-1,"-1","5/4/2017","834.889",868.111,"2017-05-03"
"137","cake us equity",2015-03-31,0,"cake0",-1,1,"-1","-1",-1,"-1","4/22/2015","517.973",520,"2015-04-22"
"138","cake us equity",2015-06-30,1,"cake1",-1,1,"-1","-1",-1,"-1","7/22/2015","529.107",530.375,"2015-07-22"
"139","cake us equity",2015-09-30,2,"cake2",-1,1,"-1","-1",-1,"-1","10/26/2015","526.688",535.294,"2015-10-26"
"140","cake us equity",2015-12-31,3,"cake3",1,0,"1","1",-1,"1","2/16/2016","526.841",528.824,"2016-02-16"
"141","cake us equity",2016-03-31,4,"cake4",-1,1,"-1","1",-1,"-1","4/27/2016","553.693",555.278,"2016-04-27"
"142","cake us equity",2016-06-30,5,"cake5",-1,1,"-1","-1",-1,"-1","7/27/2016","558.862",563.188,"2016-07-27"
"143","cake us equity",2016-09-30,6,"cake6",1,1,"1","1",1,"1","10/26/2016","560.018",556.563,"2016-10-26"
"144","cake us equity",2016-12-31,7,"cake7",-1,0,"-1","-1",1,"-1","2/22/2017","603.146",595.063,"2017-02-22"
"145","cake us equity",2017-03-31,8,"cake8",-1,1,"-1","-1",-1,"-1","5/3/2017","563.426",569.938,"2017-05-03"
"146","car us equity",2015-03-31,0,"car0",1,0,"1",NA,-1,NA,"5/4/2015","1850",1906.286,"2015-05-04"
"147","car us equity",2015-06-30,1,"car1",1,0,"1",NA,-1,NA,"8/3/2015","2173",2238.5,"2015-08-03"
"148","car us equity",2015-09-30,2,"car2",-1,1,"-1",NA,-1,"-1","11/2/2015","2577",2592.833,"2015-11-02"
"149","car us equity",2015-12-31,3,"car3",-1,1,"1","1",-1,"-1","2/23/2016","1902",1926.833,"2016-02-23"
"150","car us equity",2016-03-31,4,"car4",1,1,"1","1",1,"-1","5/3/2016","1881",1879.4,"2016-05-03"
"151","car us equity",2016-06-30,5,"car5",1,1,"1",NA,1,"-1","8/2/2016","2243",2214.75,"2016-08-02"
"152","car us equity",2016-09-30,6,"car6",-1,0,"-1",NA,1,"-1","11/2/2016","2656",2650,"2016-11-02"
"153","car us equity",2016-12-31,7,"car7",1,0,"1","1",-1,"1","2/15/2017","1879",1966.286,"2017-02-15"
"154","car us equity",2017-03-31,8,"car8",-1,1,"-1",NA,-1,"-1","5/3/2017","1839",1879.714,"2017-05-03"
"155","casy us equity",2015-04-30,0,"casy0",1,1,"1","1",1,NA,"6/8/2015","1653.858",1642.375,"2015-06-08"
"156","casy us equity",2015-07-31,1,"casy1",-1,0,"-1","-1",1,"-1","9/8/2015","2048.592",1977.444,"2015-09-08"
"157","casy us equity",2015-10-31,2,"casy2",-1,1,"-1","-1",-1,"-1","12/7/2015","1924.6",1957.556,"2015-12-07"
"158","casy us equity",2016-01-31,3,"casy3",1,0,"1",NA,-1,"-1","3/7/2016","1565.94",1594.778,"2016-03-07"
"159","casy us equity",2016-04-30,4,"casy4",1,1,"1","1",1,"1","6/6/2016","1582.954",1570.273,"2016-06-06"
"160","casy us equity",2016-07-31,5,"casy5",-1,1,"-1",NA,-1,"-1","9/6/2016","1970.079",1982.75,"2016-09-06"
"161","casy us equity",2016-10-31,6,"casy6",-1,1,"1",NA,-1,"-1","12/7/2016","1920.055",1936.636,"2016-12-07"
"162","casy us equity",2017-01-31,7,"casy7",-1,1,"-1","1",-1,"-1","3/6/2017","1769.993",1814.364,"2017-03-06"
"163","casy us equity",2017-04-30,8,"casy8",-1,1,"-1",NA,-1,"-1","6/5/2017","1846.46",1875.182,"2017-06-05"
"164","cato us equity",2015-04-30,0,"cato0",-1,1,NA,NA,-1,"-1","5/21/2015","283.899",284,"2015-05-20"
"165","cato us equity",2015-07-31,1,"cato1",1,0,NA,NA,-1,"1","8/20/2015","251.269",252,"2015-08-19"
"166","cato us equity",2015-10-31,2,"cato2",1,0,NA,NA,-1,"1","11/19/2015","225.467",226,"2015-11-18"
"167","cato us equity",2016-01-31,3,"cato3",-1,0,NA,NA,1,"-1","3/17/2016","250.456",250,"2016-03-16"
"168","cato us equity",2016-04-30,4,"cato4",-1,1,NA,NA,-1,"-1","5/19/2016","287.973",288,"2016-05-18"
"169","cato us equity",2016-07-31,5,"cato5",-1,1,NA,NA,-1,"-1","8/18/2016","238.887",239,"2016-08-17"
"170","cato us equity",2016-10-31,6,"cato6",1,1,NA,NA,1,"1","11/17/2016","209.262",209,"2016-11-16"
"171","cato us equity",2017-01-31,7,"cato7",1,0,NA,NA,-1,"1","3/16/2017","220.447",221,"2017-03-15"
"172","cato us equity",2017-04-30,8,"cato8",-1,1,NA,NA,-1,"-1","5/18/2017","239.741",240,"2017-05-17"
"173","cbrl us equity",2015-04-30,0,"cbrl0",1,1,NA,NA,1,"1","6/2/2015","683.705",680,"2015-06-01"
"174","cbrl us equity",2015-07-31,1,"cbrl1",-1,1,NA,NA,-1,"-1","9/16/2015","719.185",724.333,"2015-09-15"
"175","cbrl us equity",2015-10-31,2,"cbrl2",-1,1,NA,NA,-1,"-1","11/24/2015","702.629",704.6,"2015-11-23"
"176","cbrl us equity",2016-01-31,3,"cbrl3",-1,1,NA,NA,-1,"-1","2/23/2016","764.002",766.833,"2016-02-22"
"177","cbrl us equity",2016-04-30,4,"cbrl4",1,0,NA,NA,-1,"1","6/1/2016","700.136",705.5,"2016-05-31"
"178","cbrl us equity",2016-07-31,5,"cbrl5",-1,0,NA,NA,1,"-1","9/14/2016","745.584",742.571,"2016-09-13"
"179","cbrl us equity",2016-10-31,6,"cbrl6",1,0,NA,NA,-1,"1","11/22/2016","709.971",713.857,"2016-11-21"
"180","cbrl us equity",2017-01-31,7,"cbrl7",1,0,NA,NA,-1,"1","2/21/2017","772.682",780.875,"2017-02-20"
"181","cbrl us equity",2017-04-30,8,"cbrl8",1,0,NA,NA,-1,"1","5/23/2017","700.41",713.125,"2017-05-22"
"182","chef us equity",2015-03-31,0,"chef0",1,0,"1","1",-1,"1","5/6/2015","198.876",202.5,"2015-05-06"
"183","chef us equity",2015-06-30,1,"chef1",-1,0,"-1",NA,1,"-1","7/30/2015","282.882",281,"2015-07-30"
"184","chef us equity",2015-09-30,2,"chef2",-1,0,"-1",NA,1,"-1","11/3/2015","277.516",276.167,"2015-11-03"
"185","chef us equity",2015-12-31,3,"chef3",-1,0,"-1",NA,1,"-1","2/18/2016","299.722",297.333,"2016-02-18"
"186","chef us equity",2016-03-31,4,"chef4",1,0,"1","1",-1,"1","5/3/2016","262.401",265.25,"2016-05-03"
"187","chef us equity",2016-06-30,5,"chef5",-1,1,"-1",NA,-1,"-1","8/2/2016","291.209",298.333,"2016-08-02"
"188","chef us equity",2016-09-30,6,"chef6",1,0,"1","1",-1,"1","11/2/2016","297.917",301.667,"2016-11-02"
"189","chef us equity",2016-12-31,7,"chef7",1,1,"-1","-1",1,"1","2/21/2017","342.904",337,"2017-02-21"
"190","chef us equity",2017-03-31,8,"chef8",-1,0,"1","1",1,"-1","5/9/2017","287.69",284.5,"2017-05-09"
"191","chuy us equity",2015-03-31,0,"chuy0",1,0,NA,NA,-1,"1","5/4/2015","66.829",66.98,"2015-05-04"
"192","chuy us equity",2015-06-30,1,"chuy1",-1,0,NA,NA,1,"-1","8/4/2015","75.362",73.43,"2015-08-04"
"193","chuy us equity",2015-09-30,2,"chuy2",1,1,NA,NA,1,"1","11/3/2015","73.91",73.63,"2015-11-03"
"194","chuy us equity",2015-12-31,3,"chuy3",1,1,NA,NA,1,"1","3/1/2016","70.961",70.42,"2016-03-01"
"195","chuy us equity",2016-03-31,4,"chuy4",1,1,NA,NA,1,"1","5/3/2016","78.054",76.72,"2016-05-03"
"196","chuy us equity",2016-06-30,5,"chuy5",-1,0,NA,NA,1,"-1","8/2/2016","87.909",87.344,"2016-08-02"
"197","chuy us equity",2016-09-30,6,"chuy6",-1,1,NA,NA,-1,"-1","11/1/2016","85.597",86.556,"2016-11-01"
"198","chuy us equity",2016-12-31,7,"chuy7",1,0,NA,NA,-1,"1","2/28/2017","79.053",81.5,"2017-02-28"
"199","chuy us equity",2017-03-31,8,"chuy8",-1,1,NA,NA,-1,"-1","5/4/2017","86.904",87.811,"2017-05-04"
"200","cmg us equity",2015-03-31,0,"cmg0",1,0,NA,NA,-1,"1","4/21/2015","1089.043",1105.348,"2015-04-21"
"201","cmg us equity",2015-06-30,1,"cmg1",-1,1,NA,NA,-1,"-1","7/21/2015","1197.783",1214.773,"2015-07-21"
"202","cmg us equity",2015-09-30,2,"cmg2",-1,0,NA,NA,1,"-1","10/20/2015","1216.89",1216.04,"2015-10-20"
"203","cmg us equity",2015-12-31,3,"cmg3",1,0,NA,NA,-1,"1","2/2/2016","997.507",1010.12,"2016-02-02"
"204","cmg us equity",2016-03-31,4,"cmg4",1,0,NA,NA,-1,"1","4/26/2016","834.459",863.852,"2016-04-26"
"205","cmg us equity",2016-06-30,5,"cmg5",-1,1,NA,NA,-1,"-1","7/21/2016","998.383",1048.167,"2016-07-21"
"206","cmg us equity",2016-09-30,6,"cmg6",-1,1,NA,NA,-1,"-1","10/25/2016","1036.982",1086,"2016-10-25"
"207","cmg us equity",2016-12-31,7,"cmg7",-1,1,NA,NA,-1,"-1","2/2/2017","1034.56",1036.846,"2017-02-02"
"208","cmg us equity",2017-03-31,8,"cmg8",1,1,NA,NA,1,"1","4/25/2017","1068.829",1052.893,"2017-04-25"
"209","conn us equity",2015-04-30,0,"conn0",1,0,NA,NA,-1,"1","6/2/2015","365.076",368.857,"2015-06-01"
"210","conn us equity",2015-07-31,1,"conn1",-1,1,NA,NA,-1,"-1","9/9/2015","396.05",396.429,"2015-09-08"
"211","conn us equity",2015-10-31,2,"conn2",-1,1,NA,NA,-1,"-1","12/8/2015","395.233",402.5,"2015-12-07"
"212","conn us equity",2016-01-31,3,"conn3",-1,0,NA,NA,1,"-1","3/29/2016","456.819",455.167,"2016-03-28"
"213","conn us equity",2016-04-30,4,"conn4",1,0,NA,NA,-1,"1","6/2/2016","389.113",393,"2016-06-01"
"214","conn us equity",2016-07-31,5,"conn5",-1,1,NA,NA,-1,"-1","9/8/2016","398.157",412.667,"2016-09-07"
"215","conn us equity",2016-10-31,6,"conn6",1,0,NA,NA,-1,"1","12/6/2016","376.773",392.833,"2016-12-05"
"216","conn us equity",2017-01-31,7,"conn7",-1,0,NA,NA,1,"-1","4/4/2017","432.805",430.8,"2017-04-03"
"217","conn us equity",2017-04-30,8,"conn8",1,0,NA,NA,-1,"1","6/6/2017","355.826",357.6,"2017-06-05"
"218","cost us equity",2015-05-31,0,"cost0",1,0,NA,NA,-1,"1","5/27/2015","26101",26677.091,"2015-05-27"
"219","cost us equity",2015-08-31,1,"cost1",-1,1,NA,NA,-1,"-1","9/29/2015","35778",35807.333,"2015-09-29"
"220","cost us equity",2015-11-30,2,"cost2",1,0,NA,NA,-1,"1","12/8/2015","27220",27651.474,"2015-12-08"
"221","cost us equity",2016-02-29,3,"cost3",1,0,NA,NA,-1,"1","3/2/2016","28170",28492.846,"2016-03-02"
"222","cost us equity",2016-05-31,4,"cost4",-1,1,NA,NA,-1,"-1","5/25/2016","26769",27105.176,"2016-05-25"
"223","cost us equity",2016-08-31,5,"cost5",-1,1,NA,NA,-1,"-1","9/29/2016","36560",36854.619,"2016-09-29"
"224","cost us equity",2016-11-30,6,"cost6",-1,1,NA,NA,-1,"-1","12/7/2016","28099",28319.8,"2016-12-07"
"225","cost us equity",2017-02-28,7,"cost7",-1,1,NA,NA,-1,"-1","3/2/2017","29766",29907,"2017-03-02"
"226","cost us equity",2017-05-31,8,"cost8",1,1,NA,NA,1,"1","5/25/2017","28860",28524.955,"2017-05-25"
"227","ctrn us equity",2015-04-30,0,"ctrn0",-1,1,NA,NA,-1,"-1","5/20/2015","194.913",196,"2015-05-19"
"228","ctrn us equity",2015-07-31,1,"ctrn1",1,1,NA,NA,1,"1","8/19/2015","153.878",153.667,"2015-08-18"
"229","ctrn us equity",2015-10-31,2,"ctrn2",-1,1,NA,NA,-1,"-1","11/24/2015","158.937",166.333,"2015-11-23"
"230","ctrn us equity",2016-01-31,3,"ctrn3",-1,0,NA,NA,1,"-1","3/11/2016","176.063",176,"2016-03-10"
"231","ctrn us equity",2016-04-30,4,"ctrn4",-1,1,NA,NA,-1,"-1","5/18/2016","193.672",198,"2016-05-17"
"232","ctrn us equity",2016-07-31,5,"ctrn5",1,1,NA,NA,1,"1","8/17/2016","155.276",153.5,"2016-08-16"
"233","ctrn us equity",2016-10-31,6,"ctrn6",1,0,NA,NA,-1,"1","11/22/2016","160.716",167.5,"2016-11-21"
"234","ctrn us equity",2017-01-31,7,"ctrn7",-1,1,NA,NA,-1,"-1","3/10/2017","185.511",186,"2017-03-09"
"235","ctrn us equity",2017-04-30,8,"ctrn8",1,0,NA,NA,-1,"1","5/17/2017","199.955",200,"2017-05-16"
"236","cvs us equity",2015-03-31,0,"cvs0",-1,0,"-1","-1",1,"-1","5/1/2015","36332",35934.833,"2015-04-30"
"237","cvs us equity",2015-06-30,1,"cvs1",1,0,"1","1",-1,"1","8/4/2015","37169",37173.333,"2015-08-03"
"238","cvs us equity",2015-09-30,2,"cvs2",1,1,"1","1",1,"1","10/30/2015","38644",38206,"2015-10-29"
"239","cvs us equity",2015-12-31,3,"cvs3",1,1,"1","1",1,"1","2/9/2016","41145",41126.333,"2016-02-08"
"240","cvs us equity",2016-03-31,4,"cvs4",-1,0,"-1","-1",1,"-1","5/3/2016","43215",43000.85,"2016-05-02"
"241","cvs us equity",2016-06-30,5,"cvs5",-1,1,"-1","-1",-1,"-1","8/2/2016","43725",44279.05,"2016-08-01"
"242","cvs us equity",2016-09-30,6,"cvs6",-1,1,"-1","-1",-1,"-1","11/8/2016","44615",45293.05,"2016-11-07"
"243","cvs us equity",2016-12-31,7,"cvs7",-1,1,"-1","-1",-1,"-1","2/9/2017","45971",46513.632,"2017-02-08"
"244","cvs us equity",2017-03-31,8,"cvs8",-1,0,"-1","-1",1,"-1","5/2/2017","44514",44251.667,"2017-05-01"
"245","dds us equity",2015-04-30,0,"dds0",-1,1,NA,NA,-1,"-1","5/14/2015","1613.4",1621.75,"2015-05-14"
"246","dds us equity",2015-07-31,1,"dds1",1,1,NA,NA,1,"1","8/13/2015","1550.8",1527.25,"2015-08-12"
"247","dds us equity",2015-10-31,2,"dds2",-1,1,NA,NA,-1,"-1","11/16/2015","1472.9",1504.5,"2015-11-15"
"248","dds us equity",2016-01-31,3,"dds3",-1,0,NA,NA,1,"-1","2/22/2016","2117.4",2099.6,"2016-02-22"
"249","dds us equity",2016-04-30,4,"dds4",1,0,NA,NA,-1,"1","5/12/2016","1538.8",1571,"2016-05-12"
"250","dds us equity",2016-07-31,5,"dds5",1,1,NA,NA,1,"1","8/11/2016","1488.7",1479.8,"2016-08-11"
"251","dds us equity",2016-10-31,6,"dds6",1,0,NA,NA,-1,"1","11/10/2016","1406.5",1410.6,"2016-11-10"
"252","dds us equity",2017-01-31,7,"dds7",-1,1,NA,NA,-1,"-1","2/21/2017","1983.9",2024,"2017-02-20"
"253","dds us equity",2017-04-30,8,"dds8",-1,0,NA,NA,1,"-1","5/11/2017","1452.9",1449.667,"2017-05-10"
"254","dfrg us equity",2015-03-31,0,"dfrg0",-1,1,"-1","-1",-1,"-1","4/28/2015","75.102",75.286,"2015-04-27"
"255","dfrg us equity",2015-06-30,1,"dfrg1",1,0,"1","1",-1,"1","7/23/2015","73.776",75.438,"2015-07-22"
"256","dfrg us equity",2015-09-30,2,"dfrg2",1,0,"1","-1",-1,"1","10/13/2015","68.629",69.35,"2015-10-12"
"257","dfrg us equity",2015-12-31,3,"dfrg3",-1,1,"-1","-1",-1,"-1","3/1/2016","114.105",114.125,"2016-02-29"
"258","dfrg us equity",2016-03-31,4,"dfrg4",1,1,"1","1",1,"1","4/26/2016","81.194",80.538,"2016-04-25"
"259","dfrg us equity",2016-06-30,5,"dfrg5",1,0,"1","1",-1,"1","7/21/2016","79.916",80.14,"2016-07-20"
"260","dfrg us equity",2016-09-30,6,"dfrg6",1,0,"1","1",-1,"1","10/14/2016","71.407",72.678,"2016-10-13"
"261","dfrg us equity",2016-12-31,7,"dfrg7",-1,0,"-1","-1",1,"-1","2/24/2017","119.164",119,"2017-02-23"
"262","dfrg us equity",2017-03-31,8,"dfrg8",-1,1,"-1","-1",-1,"-1","4/25/2017","83.89",83.933,"2017-04-24"
"263","dg us equity",2015-04-30,0,"dg0",-1,1,NA,NA,-1,"-1","6/2/2015","4918.672",4938.591,"2015-06-01"
"264","dg us equity",2015-07-31,1,"dg1",-1,1,NA,NA,-1,"-1","8/27/2015","5095.904",5133.955,"2015-08-26"
"265","dg us equity",2015-10-31,2,"dg2",1,0,NA,NA,-1,"1","12/3/2015","5067.048",5089.391,"2015-12-02"
"266","dg us equity",2016-01-31,3,"dg3",-1,0,NA,NA,1,"-1","3/10/2016","5286.938",5283.333,"2016-03-09"
"267","dg us equity",2016-04-30,4,"dg4",1,0,NA,NA,-1,"1","5/26/2016","5265.432",5281.783,"2016-05-25"
"268","dg us equity",2016-07-31,5,"dg5",-1,1,NA,NA,-1,"-1","8/25/2016","5391.891",5497.619,"2016-08-24"
"269","dg us equity",2016-10-31,6,"dg6",1,0,NA,NA,-1,"1","12/1/2016","5320.029",5364.364,"2016-11-30"
"270","dg us equity",2017-01-31,7,"dg7",-1,0,NA,NA,1,"-1","3/16/2017","6009.246",5962.542,"2017-03-15"
"271","dg us equity",2017-04-30,8,"dg8",1,1,NA,NA,1,"1","6/1/2017","5609.625",5583.708,"2017-05-31"
"272","dks us equity",2015-04-30,0,"dks0",-1,0,"-1","1",1,"-1","5/19/2015","1565.308",1560.87,"2015-05-18"
"273","dks us equity",2015-07-31,1,"dks1",-1,1,"-1","-1",-1,"-1","8/18/2015","1822.979",1825.7,"2015-08-17"
"274","dks us equity",2015-10-31,2,"dks2",1,0,"1","1",-1,"1","11/17/2015","1642.627",1659.048,"2015-11-16"
"275","dks us equity",2016-01-31,3,"dks3",-1,1,"-1","-1",-1,"-1","3/8/2016","2240.051",2281.048,"2016-03-07"
"276","dks us equity",2016-04-30,4,"dks4",1,0,"1","1",-1,"1","5/19/2016","1660.343",1662,"2016-05-18"
"277","dks us equity",2016-07-31,5,"dks5",1,1,"1","1",1,"1","8/16/2016","1967.857",1882.545,"2016-08-15"
"278","dks us equity",2016-10-31,6,"dks6",1,1,"1","1",1,"1","11/15/2016","1810.347",1764.826,"2016-11-14"
"279","dks us equity",2017-01-31,7,"dks7",-1,0,"-1","-1",1,"-1","3/7/2017","2483.433",2475.583,"2017-03-06"
"280","dks us equity",2017-04-30,8,"dks8",-1,1,"-1","1",-1,"-1","5/16/2017","1825.252",1834.875,"2017-05-15"
"281","dltr us equity",2015-04-30,0,"dltr0",1,0,"1","1",-1,"1","5/21/2015","2176.7",2202.095,"2015-05-20"
"282","dltr us equity",2015-07-31,1,"dltr1",1,0,"1","1",-1,"1","9/1/2015","3011.2",3036.8,"2015-08-31"
"283","dltr us equity",2015-10-31,2,"dltr2",-1,0,"-1",NA,1,"-1","11/24/2015","4945.2",4838.273,"2015-11-23"
"284","dltr us equity",2016-01-31,3,"dltr3",-1,1,"-1","-1",-1,"-1","3/1/2016","5365.3",5405.714,"2016-02-29"
"285","dltr us equity",2016-04-30,4,"dltr4",1,0,"1","1",-1,"1","5/26/2016","5085.8",5091.714,"2016-05-25"
"286","dltr us equity",2016-07-31,5,"dltr5",-1,1,"-1",NA,-1,"-1","8/25/2016","4996.3",5095.579,"2016-08-24"
"287","dltr us equity",2016-10-31,6,"dltr6",1,0,"1","1",-1,"1","11/22/2016","5001.6",5063.5,"2016-11-21"
"288","dltr us equity",2017-01-31,7,"dltr7",-1,0,"-1","-1",1,"-1","3/1/2017","5635.3",5619.19,"2017-02-28"
"289","dltr us equity",2017-04-30,8,"dltr8",1,0,"1","1",-1,"1","5/25/2017","5287.1",5291.091,"2017-05-24"
"290","dnkn us equity",2015-03-31,0,"dnkn0",1,1,"1","1",1,NA,"4/23/2015","185.905",180.65,"2015-04-22"
"291","dnkn us equity",2015-06-30,1,"dnkn1",1,1,"-1","-1",1,NA,"7/23/2015","211.424",203.579,"2015-07-22"
"292","dnkn us equity",2015-09-30,2,"dnkn2",1,1,"-1","-1",1,"1","10/22/2015","209.807",203.857,"2015-10-21"
"293","dnkn us equity",2015-12-31,3,"dnkn3",1,1,"-1","1",1,"1","2/4/2016","203.797",203.5,"2016-02-03"
"294","dnkn us equity",2016-03-31,4,"dnkn4",1,1,"1","1",1,"1","4/28/2016","189.776",187.952,"2016-04-27"
"295","dnkn us equity",2016-06-30,5,"dnkn5",-1,1,"-1","-1",-1,"1","7/21/2016","216.309",220,"2016-07-20"
"296","dnkn us equity",2016-09-30,6,"dnkn6",-1,1,"1","-1",-1,"1","10/20/2016","207.099",215,"2016-10-19"
"297","dnkn us equity",2016-12-31,7,"dnkn7",-1,0,"-1","-1",1,"1","2/9/2017","215.705",215.636,"2017-02-08"
"298","dnkn us equity",2017-03-31,8,"dnkn8",-1,1,"1","1",-1,"1","5/4/2017","190.672",192.429,"2017-05-03"
"299","dsw us equity",2015-04-30,0,"dsw0",-1,1,"-1","-1",-1,"-1","5/27/2015","655.486",656.214,"2015-05-26"
"300","dsw us equity",2015-07-31,1,"dsw1",1,0,"1","1",-1,"1","8/25/2015","627.206",636.769,"2015-08-24"
"301","dsw us equity",2015-10-31,2,"dsw2",-1,0,"-1","-1",1,"-1","11/24/2015","665.52",664.933,"2015-11-23"
"302","dsw us equity",2016-01-31,3,"dsw3",1,1,"1","1",1,"1","3/15/2016","672.036",643,"2016-03-14"
"303","dsw us equity",2016-04-30,4,"dsw4",-1,1,"-1","-1",-1,"-1","5/24/2016","681.267",698.75,"2016-05-23"
"304","dsw us equity",2016-07-31,5,"dsw5",1,1,"1","1",1,"1","8/30/2016","658.944",658.692,"2016-08-29"
"305","dsw us equity",2016-10-31,6,"dsw6",-1,1,"-1","-1",-1,"-1","11/22/2016","696.616",711.429,"2016-11-21"
"306","dsw us equity",2017-01-31,7,"dsw7",-1,1,"-1","1",-1,"-1","3/14/2017","674.617",691.286,"2017-03-13"
"307","dsw us equity",2017-04-30,8,"dsw8",-1,0,"-1","-1",1,"-1","5/23/2017","691.102",685.462,"2017-05-22"
"308","expr us equity",2015-04-30,0,"expr0",-1,0,NA,NA,1,NA,"5/28/2015","502.378",487.643,"2015-05-27"
"309","expr us equity",2015-07-31,1,"expr1",-1,0,NA,NA,1,"1","8/26/2015","535.582",504.857,"2015-08-25"
"310","expr us equity",2015-10-31,2,"expr2",-1,0,NA,NA,1,"-1","12/3/2015","546.616",541.533,"2015-12-02"
"311","expr us equity",2016-01-31,3,"expr3",1,0,NA,NA,-1,"-1","3/9/2016","765.553",769.462,"2016-03-08"
"312","expr us equity",2016-04-30,4,"expr4",1,0,NA,NA,-1,"1","5/25/2016","502.909",521.385,"2016-05-24"
"313","expr us equity",2016-07-31,5,"expr5",1,0,NA,NA,-1,"1","8/24/2016","504.767",521.182,"2016-08-23"
"314","expr us equity",2016-10-31,6,"expr6",1,1,NA,NA,1,"1","12/1/2016","506.09",497.25,"2016-11-30"
"315","expr us equity",2017-01-31,7,"expr7",-1,0,NA,NA,1,"-1","3/8/2017","678.781",677.5,"2017-03-07"
"316","expr us equity",2017-04-30,8,"expr8",-1,1,NA,NA,-1,"-1","6/1/2017","467.029",467.75,"2017-05-31"
"317","finl us equity",2015-05-31,0,"finl0",1,1,NA,NA,1,"1","6/26/2015","443.394",430,"2015-06-25"
"318","finl us equity",2015-08-31,1,"finl1",-1,1,NA,NA,-1,"-1","9/25/2015","483.15",490.929,"2015-09-24"
"319","finl us equity",2015-11-30,2,"finl2",1,0,NA,NA,-1,"1","1/7/2016","382.09",407.889,"2016-01-06"
"320","finl us equity",2016-02-29,3,"finl3",-1,0,NA,NA,1,"-1","3/24/2016","580.254",567.895,"2016-03-23"
"321","finl us equity",2016-05-31,4,"finl4",1,1,NA,NA,1,"1","6/24/2016","453.515",449.556,"2016-06-23"
"322","finl us equity",2016-08-31,5,"finl5",-1,0,NA,NA,1,"-1","9/23/2016","509.403",494.733,"2016-09-22"
"323","finl us equity",2016-11-30,6,"finl6",1,0,NA,NA,-1,"1","12/21/2016","371.741",411.294,"2016-12-20"
"324","finl us equity",2017-02-28,7,"finl7",-1,0,NA,NA,1,"-1","3/24/2017","557.452",544.938,"2017-03-23"
"325","five us equity",2015-04-30,0,"five0",-1,0,"-1","1",1,"-1","6/3/2015","153.727",151.2,"2015-06-03"
"326","five us equity",2015-07-31,1,"five1",-1,1,"-1","1",-1,"-1","9/2/2015","182.191",184.75,"2015-09-02"
"327","five us equity",2015-10-31,2,"five2",1,1,"1","1",1,"1","12/3/2015","169.685",166.75,"2015-12-03"
"328","five us equity",2016-01-31,3,"five3",-1,0,"-1","-1",1,"-1","3/22/2016","326.351",323.643,"2016-03-22"
"329","five us equity",2016-04-30,4,"five4",1,1,"1","1",1,"1","6/2/2016","192.715",188.077,"2016-06-02"
"330","five us equity",2016-07-31,5,"five5",1,1,"1","1",1,"1","8/31/2016","220.13",219.727,"2016-08-31"
"331","five us equity",2016-10-31,6,"five6",1,0,"1","1",-1,"1","12/1/2016","199.475",200.615,"2016-12-01"
"332","five us equity",2017-01-31,7,"five7",-1,0,"-1","-1",1,"-1","3/22/2017","388.09",387.538,"2017-03-22"
"333","five us equity",2017-04-30,8,"five8",-1,0,"-1","1",1,"-1","6/1/2017","232.881",230.714,"2017-06-01"
"334","fl us equity",2015-04-30,0,"fl0",-1,0,NA,NA,1,"-1","5/22/2015","1916",1914.667,"2015-05-21"
"335","fl us equity",2015-07-31,1,"fl1",1,1,NA,NA,1,"1","8/21/2015","1695",1662.5,"2015-08-20"
"336","fl us equity",2015-10-31,2,"fl2",1,1,NA,NA,1,"1","11/20/2015","1794",1783.941,"2015-11-19"
"337","fl us equity",2016-01-31,3,"fl3",-1,0,NA,NA,1,"-1","2/26/2016","2007",2006.842,"2016-02-25"
"338","fl us equity",2016-04-30,4,"fl4",-1,1,NA,NA,-1,"-1","5/20/2016","1987",1997.3,"2016-05-19"
"339","fl us equity",2016-07-31,5,"fl5",1,1,NA,NA,1,"1","8/19/2016","1780",1763.706,"2016-08-18"
"340","fl us equity",2016-10-31,6,"fl6",1,0,NA,NA,-1,"1","11/18/2016","1886",1889.15,"2016-11-17"
"341","fl us equity",2017-01-31,7,"fl7",-1,1,NA,NA,-1,"-1","2/24/2017","2113",2114.105,"2017-02-23"
"342","fl us equity",2017-04-30,8,"fl8",-1,1,NA,NA,-1,"-1","5/19/2017","2001",2015.158,"2017-05-18"
"343","fran us equity",2015-04-30,0,"fran0",-1,1,"-1","-1",-1,"-1","6/10/2015","95.011",95.156,"2015-06-09"
"344","fran us equity",2015-07-31,1,"fran1",1,1,"1","-1",1,"1","9/9/2015","106.033",105.615,"2015-09-08"
"345","fran us equity",2015-10-31,2,"fran2",1,1,"1","1",1,"1","12/9/2015","103.728",103.111,"2015-12-08"
"346","fran us equity",2016-01-31,3,"fran3",-1,0,"-1","-1",1,"-1","3/23/2016","134.605",131.923,"2016-03-22"
"347","fran us equity",2016-04-30,4,"fran4",1,0,"1","1",-1,"1","6/9/2016","106.113",106.455,"2016-06-08"
"348","fran us equity",2016-07-31,5,"fran5",1,1,"1","1",1,"1","9/7/2016","115.26",109.167,"2016-09-06"
"349","fran us equity",2016-10-31,6,"fran6",1,1,"1","1",1,"1","12/6/2016","119.47",116.667,"2016-12-05"
"350","fran us equity",2017-01-31,7,"fran7",-1,0,"-1","-1",1,"-1","3/21/2017","146.345",145.778,"2017-03-20"
"351","fran us equity",2017-04-30,8,"fran8",-1,1,"-1","1",-1,"-1","6/6/2017","107.689",113.4,"2017-06-05"
"352","frgi us equity",2015-03-31,0,"frgi0",1,0,"1","1",-1,NA,"4/30/2015","163.875",165.571,"2015-04-30"
"353","frgi us equity",2015-06-30,1,"frgi1",-1,1,"-1","-1",-1,NA,"7/30/2015","171.9",173,"2015-07-30"
"354","frgi us equity",2015-09-30,2,"frgi2",-1,1,"-1","-1",-1,"-1","10/29/2015","172.105",176.429,"2015-10-29"
"355","frgi us equity",2015-12-31,3,"frgi3",1,0,"-1","-1",-1,"-1","2/24/2016","179.512",180.571,"2016-02-24"
"356","frgi us equity",2016-03-31,4,"frgi4",-1,1,"1","1",-1,"1","5/9/2016","176.677",177.143,"2016-05-09"
"357","frgi us equity",2016-06-30,5,"frgi5",-1,1,"-1","-1",-1,"-1","8/3/2016","181.532",183.333,"2016-08-03"
"358","frgi us equity",2016-09-30,6,"frgi6",-1,1,"-1","-1",-1,"-1","11/7/2016","182.256",183.714,"2016-11-07"
"359","frgi us equity",2016-12-31,7,"frgi7",1,0,"1","1",-1,"1","2/27/2017","171.305",175.571,"2017-02-27"
"360","frgi us equity",2017-03-31,8,"frgi8",-1,1,"-1","-1",-1,"-1","5/8/2017","175.607",177.714,"2017-05-08"
"361","fun us equity",2015-03-31,0,"fun0",-1,0,"-1","1",1,NA,"4/29/2015","46.817",42,"2015-04-28"
"362","fun us equity",2015-06-30,1,"fun1",1,1,"1","1",1,NA,"8/4/2015","377.408",377.333,"2015-08-03"
"363","fun us equity",2015-09-30,2,"fun2",-1,0,"-1","-1",1,"1","11/5/2015","644.637",633.375,"2015-11-04"
"364","fun us equity",2015-12-31,3,"fun3",-1,0,"-1","1",1,"-1","2/17/2016","166.916",165.333,"2016-02-16"
"365","fun us equity",2016-03-31,4,"fun4",1,1,"1","1",1,"1","5/4/2016","58.438",50.911,"2016-05-03"
"366","fun us equity",2016-06-30,5,"fun5",-1,1,"-1","-1",-1,"-1","8/3/2016","388.034",391.111,"2016-08-02"
"367","fun us equity",2016-09-30,6,"fun6",1,1,"-1","-1",1,"-1","11/2/2016","650.283",649.5,"2016-11-01"
"368","fun us equity",2016-12-31,7,"fun7",1,1,"1","-1",1,"1","2/15/2017","191.966",182.571,"2017-02-14"
"369","fun us equity",2017-03-31,8,"fun8",-1,1,"-1","-1",-1,"-1","5/3/2017","48.318",53.678,"2017-05-02"
"370","gco us equity",2015-04-30,0,"gco0",-1,1,"-1","-1",-1,NA,"5/29/2015","660.597",666,"2015-05-28"
"371","gco us equity",2015-07-31,1,"gco1",1,1,"1","1",1,"1","9/3/2015","655.525",653.875,"2015-09-02"
"372","gco us equity",2015-10-31,2,"gco2",-1,0,"-1",NA,1,"-1","12/4/2015","773.898",760.5,"2015-12-03"
"373","gco us equity",2016-01-31,3,"gco3",-1,1,"-1","-1",-1,"-1","3/11/2016","932.214",939.5,"2016-03-10"
"374","gco us equity",2016-04-30,4,"gco4",1,0,"1","1",-1,"1","5/26/2016","648.793",659.636,"2016-05-25"
"375","gco us equity",2016-07-31,5,"gco5",1,0,"1","1",-1,"1","9/1/2016","625.557",641.375,"2016-08-31"
"376","gco us equity",2016-10-31,6,"gco6",-1,1,"1","1",-1,"-1","12/2/2016","710.822",712.9,"2016-12-01"
"377","gco us equity",2017-01-31,7,"gco7",-1,1,"1","-1",-1,"-1","3/10/2017","883.169",898.125,"2017-03-09"
"378","gco us equity",2017-04-30,8,"gco8",-1,1,"-1","1",-1,"-1","5/25/2017","643.368",644.778,"2017-05-24"
"379","gme us equity",2015-04-30,0,"gme0",-1,0,NA,NA,1,"-1","5/28/2015","2060.6",2016.813,"2015-05-28"
"380","gme us equity",2015-07-31,1,"gme1",-1,0,NA,NA,1,"-1","8/27/2015","1761.9",1736.813,"2015-08-27"
"381","gme us equity",2015-10-31,2,"gme2",-1,1,NA,NA,-1,"-1","11/23/2015","2016.3",2137.8,"2015-11-22"
"382","gme us equity",2016-01-31,3,"gme3",-1,1,NA,NA,-1,"-1","3/24/2016","3525",3565.6,"2016-03-24"
"383","gme us equity",2016-04-30,4,"gme4",1,1,NA,NA,1,"1","5/26/2016","1971.5",1969.2,"2016-05-26"
"384","gme us equity",2016-07-31,5,"gme5",1,0,NA,NA,-1,"1","8/25/2016","1631.8",1712.615,"2016-08-25"
"385","gme us equity",2016-10-31,6,"gme6",1,0,NA,NA,-1,"1","11/22/2016","1959.2",1985.818,"2016-11-22"
"386","gme us equity",2017-01-31,7,"gme7",1,0,NA,NA,-1,"1","3/23/2017","3045.4",3073.143,"2017-03-23"
"387","gme us equity",2017-04-30,8,"gme8",1,1,NA,NA,1,"1","5/25/2017","2045.9",1944.917,"2017-05-25"
"388","gps us equity",2015-04-30,0,"gps0",-1,1,NA,NA,-1,"-1","5/21/2015","3657",3659.87,"2015-05-21"
"389","gps us equity",2015-07-31,1,"gps1",-1,1,NA,NA,-1,"-1","8/20/2015","3898",3901.211,"2015-08-20"
"390","gps us equity",2015-10-31,2,"gps2",-1,1,NA,NA,-1,"-1","11/19/2015","3857",3860.478,"2015-11-19"
"391","gps us equity",2016-01-31,3,"gps3",-1,1,NA,NA,-1,"-1","2/25/2016","4385",4390.765,"2016-02-25"
"392","gps us equity",2016-04-30,4,"gps4",1,0,NA,NA,-1,"1","5/19/2016","3438",3440,"2016-05-19"
"393","gps us equity",2016-07-31,5,"gps5",-1,0,NA,NA,1,"-1","8/18/2016","3851",3850.048,"2016-08-18"
"394","gps us equity",2016-10-31,6,"gps6",1,0,NA,NA,-1,"1","11/17/2016","3798",3800.053,"2016-11-17"
"395","gps us equity",2017-01-31,7,"gps7",1,0,NA,NA,-1,"1","2/23/2017","4429",4429.444,"2017-02-23"
"396","gps us equity",2017-04-30,8,"gps8",1,1,NA,NA,1,"1","5/18/2017","3440",3389.125,"2017-05-18"
"397","habt us equity",2015-03-31,0,"habt0",1,1,NA,NA,1,NA,"4/30/2015","54.583",53.913,"2015-04-30"
"398","habt us equity",2015-06-30,1,"habt1",-1,0,NA,NA,1,NA,"8/5/2015","56.73",55.763,"2015-08-05"
"399","habt us equity",2015-09-30,2,"habt2",1,1,NA,NA,1,NA,"11/4/2015","58.648",57.733,"2015-11-04"
"400","habt us equity",2015-12-31,3,"habt3",1,1,NA,NA,1,NA,"3/2/2016","60.641",60.59,"2016-03-02"
"401","habt us equity",2016-03-31,4,"habt4",1,0,NA,NA,-1,NA,"5/4/2016","66.957",67.444,"2016-05-04"
"402","habt us equity",2016-06-30,5,"habt5",-1,0,NA,NA,1,NA,"8/3/2016","71.116",71.022,"2016-08-03"
"403","habt us equity",2016-09-30,6,"habt6",1,0,NA,NA,-1,"1","11/2/2016","71.885",72.133,"2016-11-02"
"404","habt us equity",2016-12-31,7,"habt7",1,1,NA,NA,1,"1","3/2/2017","73.852",73.163,"2017-03-02"
"405","habt us equity",2017-03-31,8,"habt8",-1,1,NA,NA,-1,"-1","5/3/2017","78.636",78.729,"2017-05-03"
"406","hd us equity",2015-04-30,0,"hd0",1,1,NA,NA,1,"1","5/19/2015","20891",20818.136,"2015-05-18"
"407","hd us equity",2015-07-31,1,"hd1",-1,0,NA,NA,1,"-1","8/18/2015","24829",24683.19,"2015-08-17"
"408","hd us equity",2015-10-31,2,"hd2",1,1,NA,NA,1,"1","11/17/2015","21819",21777.545,"2015-11-16"
"409","hd us equity",2016-01-31,3,"hd3",1,1,NA,NA,1,"1","2/23/2016","20980",20379.571,"2016-02-22"
"410","hd us equity",2016-04-30,4,"hd4",1,1,NA,NA,1,"1","5/17/2016","22762",22387.318,"2016-05-16"
"411","hd us equity",2016-07-31,5,"hd5",-1,1,NA,NA,-1,"-1","8/16/2016","26472",26493.25,"2016-08-15"
"412","hd us equity",2016-10-31,6,"hd6",1,1,NA,NA,1,"1","11/15/2016","23154",23044.083,"2016-11-14"
"413","hd us equity",2017-01-31,7,"hd7",-1,0,NA,NA,1,"-1","2/21/2017","22207",21801.92,"2017-02-20"
"414","hd us equity",2017-04-30,8,"hd8",1,1,NA,NA,1,"1","5/16/2017","23887",23747.458,"2017-05-15"
"415","hibb us equity",2015-04-30,0,"hibb0",-1,1,NA,NA,-1,"-1","5/22/2015","269.823",272.941,"2015-05-21"
"416","hibb us equity",2015-07-31,1,"hibb1",1,1,NA,NA,1,"1","8/21/2015","199.261",199,"2015-08-20"
"417","hibb us equity",2015-10-31,2,"hibb2",-1,1,NA,NA,-1,"-1","11/20/2015","228.301",233.625,"2015-11-19"
"418","hibb us equity",2016-01-31,3,"hibb3",-1,1,NA,NA,-1,"-1","3/11/2016","245.719",247.118,"2016-03-10"
"419","hibb us equity",2016-04-30,4,"hibb4",-1,1,NA,NA,-1,"-1","5/20/2016","282.092",285.118,"2016-05-19"
"420","hibb us equity",2016-07-31,5,"hibb5",1,0,NA,NA,-1,"1","8/19/2016","206.933",209.438,"2016-08-18"
"421","hibb us equity",2016-10-31,6,"hibb6",1,0,NA,NA,-1,"1","11/18/2016","237.006",237.235,"2016-11-17"
"422","hibb us equity",2017-01-31,7,"hibb7",1,1,NA,NA,1,"1","3/10/2017","246.929",246.875,"2017-03-09"
"423","hibb us equity",2017-04-30,8,"hibb8",-1,0,NA,NA,1,"-1","5/18/2017","275.688",275.467,"2017-05-17"
"424","htz us equity",2016-06-30,5,"htz5",1,NA,"1","1",1,"1","8/8/2016","2270",2270,"2016-08-08"
"425","htz us equity",2016-09-30,6,"htz6",-1,1,"-1","-1",-1,"-1","11/7/2016","2542",2599.571,"2016-11-07"
"426","htz us equity",2016-12-31,7,"htz7",1,0,"1","1",-1,"1","2/27/2017","2009",2016,"2017-02-27"
"427","htz us equity",2017-03-31,8,"htz8",-1,1,"1","1",-1,"-1","5/8/2017","1916",1953.833,"2017-05-08"
"428","hvt us equity",2015-03-31,0,"hvt0",1,0,"1","1",-1,"1","5/4/2015","191.331",192.5,"2015-05-04"
"429","hvt us equity",2015-06-30,1,"hvt1",1,1,"1","1",1,"1","7/29/2015","187.732",185,"2015-07-29"
"430","hvt us equity",2015-09-30,2,"hvt2",-1,1,"-1","-1",-1,"-1","10/28/2015","209.921",211,"2015-10-28"
"431","hvt us equity",2015-12-31,3,"hvt3",-1,1,"-1","-1",-1,"-1","2/24/2016","215.886",216,"2016-02-24"
"432","hvt us equity",2016-03-31,4,"hvt4",1,0,"1","1",-1,"1","5/2/2016","194.511",196.667,"2016-05-02"
"433","hvt us equity",2016-06-30,5,"hvt5",1,0,"1","1",-1,"1","8/1/2016","194.774",195,"2016-08-01"
"434","hvt us equity",2016-09-30,6,"hvt6",-1,1,"-1","-1",-1,"-1","10/31/2016","212",218,"2016-10-31"
"435","hvt us equity",2016-12-31,7,"hvt7",-1,1,"-1","-1",-1,"-1","2/21/2017","220.595",221,"2017-02-21"
"436","hvt us equity",2017-03-31,8,"hvt8",1,1,"1","1",1,"1","5/1/2017","200.427",200,"2017-05-01"
"437","hzo us equity",2015-03-31,0,"hzo0",1,0,"1","1",-1,"1","4/23/2015","172.143",173.286,"2015-04-22"
"438","hzo us equity",2015-06-30,1,"hzo1",-1,1,"-1","-1",-1,"-1","7/22/2015","231.849",237.5,"2015-07-21"
"439","hzo us equity",2015-09-30,2,"hzo2",-1,0,"-1","1",1,"-1","11/3/2015","189.252",179.375,"2015-11-02"
"440","hzo us equity",2015-12-31,3,"hzo3",1,1,"1","1",1,"1","2/4/2016","169.537",150.125,"2016-02-03"
"441","hzo us equity",2016-03-31,4,"hzo4",1,1,"1","1",1,"1","4/26/2016","199.566",191.571,"2016-04-25"
"442","hzo us equity",2016-06-30,5,"hzo5",-1,0,"-1","-1",1,"-1","7/26/2016","345.592",269.429,"2016-07-25"
"443","hzo us equity",2016-09-30,6,"hzo6",1,1,"1","1",1,"1","11/1/2016","227.355",220.286,"2016-10-31"
"444","hzo us equity",2016-12-31,7,"hzo7",1,1,"1","1",1,"1","1/24/2017","226.875",186.143,"2017-01-23"
"445","hzo us equity",2017-03-31,8,"hzo8",-1,0,"-1","-1",1,"-1","4/27/2017","245.018",239.286,"2017-04-26"
"446","isca us equity",2015-05-31,0,"isca0",-1,1,"1","-1",-1,"-1","7/2/2015","164.01",172.5,"2015-07-01"
"447","isca us equity",2015-08-31,1,"isca1",1,1,"1","1",1,"1","10/8/2015","125.49",121,"2015-10-07"
"448","isca us equity",2015-11-30,2,"isca2",-1,0,"-1","-1",1,"-1","1/26/2016","219.318",217,"2016-01-25"
"449","isca us equity",2016-02-29,3,"isca3",1,0,"1","1",-1,"1","4/5/2016","142.63",146,"2016-04-04"
"450","isca us equity",2016-05-31,4,"isca4",1,1,"1","1",1,"1","7/5/2016","167.561",163.5,"2016-07-04"
"451","isca us equity",2016-08-31,5,"isca5",1,0,"-1","1",-1,"1","10/6/2016","128.986",131,"2016-10-05"
"452","isca us equity",2016-11-30,6,"isca6",-1,1,"-1","-1",-1,"-1","1/26/2017","221.839",223,"2017-01-25"
"453","isca us equity",2017-02-28,7,"isca7",1,1,"1","1",1,"1","4/4/2017","147.954",143,"2017-04-03"
"454","jack us equity",2015-03-31,0,"jack0",-1,0,"-1","-1",1,NA,"5/13/2015","358.122",356,"2015-05-13"
"455","jack us equity",2015-06-30,1,"jack1",1,1,"1","-1",1,"-1","8/5/2015","359.506",358.8,"2015-08-05"
"456","jack us equity",2015-09-30,2,"jack2",-1,1,"-1","1",-1,"-1","11/17/2015","354.068",356.7,"2015-11-17"
"457","jack us equity",2015-12-31,3,"jack3",-1,1,"-1","-1",-1,"-1","2/17/2016","470.823",474.455,"2016-02-17"
"458","jack us equity",2016-03-31,4,"jack4",1,1,"1","1",1,"1","5/11/2016","361.151",360.308,"2016-05-11"
"459","jack us equity",2016-06-30,5,"jack5",-1,0,"1","1",1,"-1","8/3/2016","368.938",367.071,"2016-08-03"
"460","jack us equity",2016-09-30,6,"jack6",1,0,"1","1",-1,"1","11/21/2016","398.419",398.467,"2016-11-21"
"461","jack us equity",2016-12-31,7,"jack7",-1,1,"-1","-1",-1,"-1","2/22/2017","487.933",500.071,"2017-02-22"
"462","jack us equity",2017-03-31,8,"jack8",-1,0,"1","1",1,"-1","5/16/2017","369.389",369.2,"2017-05-16"
"463","jcp us equity",2015-04-30,0,"jcp0",-1,1,NA,NA,-1,"-1","5/13/2015","2857",2864.261,"2015-05-13"
"464","jcp us equity",2015-07-31,1,"jcp1",1,1,NA,NA,1,"1","8/14/2015","2875",2860.8,"2015-08-13"
"465","jcp us equity",2015-10-31,2,"jcp2",-1,0,NA,NA,1,"-1","11/13/2015","2897",2879.913,"2015-11-12"
"466","jcp us equity",2016-01-31,3,"jcp3",-1,0,NA,NA,1,"-1","2/25/2016","3996",3983.864,"2016-02-25"
"467","jcp us equity",2016-04-30,4,"jcp4",1,0,NA,NA,-1,"1","5/13/2016","2811",2923.4,"2016-05-12"
"468","jcp us equity",2016-07-31,5,"jcp5",-1,1,NA,NA,-1,"-1","8/12/2016","2918",2926.421,"2016-08-11"
"469","jcp us equity",2016-10-31,6,"jcp6",1,0,NA,NA,-1,"1","11/11/2016","2857",2949.6,"2016-11-10"
"470","jcp us equity",2017-01-31,7,"jcp7",1,0,NA,NA,-1,"1","2/24/2017","3961",3977.053,"2017-02-23"
"471","jcp us equity",2017-04-30,8,"jcp8",1,0,NA,NA,-1,"1","5/12/2017","2706",2770.579,"2017-05-11"
"472","jwn us equity",2015-04-30,0,"jwn0",-1,0,NA,NA,1,"-1","5/14/2015","3215",3170.55,"2015-05-14"
"473","jwn us equity",2015-07-31,1,"jwn1",-1,0,NA,NA,1,"-1","8/13/2015","3701",3680.25,"2015-08-13"
"474","jwn us equity",2015-10-31,2,"jwn2",1,0,NA,NA,-1,"1","11/12/2015","3328",3383.091,"2015-11-12"
"475","jwn us equity",2016-01-31,3,"jwn3",-1,1,NA,NA,-1,"-1","2/18/2016","4194",4216.583,"2016-02-18"
"476","jwn us equity",2016-04-30,4,"jwn4",1,0,NA,NA,-1,"1","5/12/2016","3249",3281.304,"2016-05-12"
"477","jwn us equity",2016-07-31,5,"jwn5",-1,1,NA,NA,-1,"-1","8/11/2016","3651",3678.591,"2016-08-11"
"478","jwn us equity",2016-10-31,6,"jwn6",1,1,NA,NA,1,"1","11/10/2016","3542",3479.208,"2016-11-10"
"479","jwn us equity",2017-01-31,7,"jwn7",-1,1,NA,NA,-1,"-1","2/23/2017","4316",4338.12,"2017-02-23"
"480","jwn us equity",2017-04-30,8,"jwn8",-1,0,NA,NA,1,"-1","5/11/2017","3354",3333.208,"2017-05-11"
"481","kmx us equity",2015-05-31,0,"kmx0",-1,1,NA,NA,-1,"-1","6/19/2015","4014.888",4153.429,"2015-06-18"
"482","kmx us equity",2015-08-31,1,"kmx1",-1,1,NA,NA,-1,"-1","9/22/2015","3884.913",3959.357,"2015-09-21"
"483","kr us equity",2015-04-30,0,"kr0",-1,1,NA,NA,-1,NA,"6/18/2015","33051",33406.25,"2015-06-17"
"484","kr us equity",2015-04-30,0,"kr0",1,0,NA,NA,-1,NA,"6/18/2015","33051",33406.25,"2015-06-17"
"485","kr us equity",2015-07-31,1,"kr1",1,0,NA,NA,-1,"1","9/11/2015","25539",25613.462,"2015-09-10"
"486","kr us equity",2015-07-31,1,"kr1",1,0,NA,NA,-1,"1","9/11/2015","25539",25613.462,"2015-09-10"
"487","kr us equity",2015-10-31,2,"kr2",1,0,NA,NA,-1,"1","12/3/2015","25075",25201.294,"2015-12-02"
"488","kr us equity",2016-01-31,3,"kr3",-1,1,NA,NA,-1,"-1","3/3/2016","26165",26275.895,"2016-03-02"
"489","kr us equity",2016-04-30,4,"kr4",-1,1,NA,NA,-1,"-1","6/16/2016","34604",34706.857,"2016-06-15"
"490","kr us equity",2016-07-31,5,"kr5",-1,1,NA,NA,-1,"-1","9/9/2016","26565",26722,"2016-09-08"
"491","kr us equity",2016-10-31,6,"kr6",1,1,NA,NA,1,"1","12/1/2016","26557",26320,"2016-11-30"
"492","kr us equity",2017-01-31,7,"kr7",1,1,NA,NA,1,"1","3/2/2017","27611",27308.667,"2017-03-01"
"493","kss us equity",2015-04-30,0,"kss0",-1,1,NA,NA,-1,"-1","5/14/2015","4123",4186.65,"2015-05-13"
"494","kss us equity",2015-07-31,1,"kss1",1,0,NA,NA,-1,"1","8/13/2015","4267",4312.857,"2015-08-12"
"495","kss us equity",2015-10-31,2,"kss2",-1,0,NA,NA,1,"-1","11/12/2015","4427",4399,"2015-11-11"
"496","kss us equity",2016-01-31,3,"kss3",-1,1,NA,NA,-1,"-1","2/25/2016","6387",6388,"2016-02-24"
"497","kss us equity",2016-04-30,4,"kss4",1,0,NA,NA,-1,"1","5/12/2016","3972",4131.111,"2016-05-11"
"498","kss us equity",2016-07-31,5,"kss5",1,1,NA,NA,1,"1","8/11/2016","4182",4163.158,"2016-08-10"
"499","kss us equity",2016-10-31,6,"kss6",1,1,NA,NA,1,"1","11/10/2016","4327",4326.8,"2016-11-09"
"500","kss us equity",2017-01-31,7,"kss7",-1,1,NA,NA,-1,"-1","2/23/2017","6205",6214.105,"2017-02-22"
"501","kss us equity",2017-04-30,8,"kss8",1,0,NA,NA,-1,"1","5/11/2017","3843",3905.833,"2017-05-10"
"502","lad us equity",2015-03-31,0,"lad0",1,1,"1","1",1,NA,"4/22/2015","1789.178",1765.8,"2015-04-21"
"503","lad us equity",2015-06-30,1,"lad1",-1,0,"-1","-1",1,NA,"7/22/2015","1996.947",1924,"2015-07-21"
"504","lad us equity",2015-09-30,2,"lad2",-1,0,"-1","-1",1,"-1","10/21/2015","2084.845",2066.667,"2015-10-20"
"505","lad us equity",2015-12-31,3,"lad3",1,0,"1","1",-1,"1","2/24/2016","1993.282",2000.5,"2016-02-23"
"506","lad us equity",2016-03-31,4,"lad4",-1,0,"1","1",1,"1","4/21/2016","1982.861",1951,"2016-04-20"
"507","lad us equity",2016-06-30,5,"lad5",1,0,"1","1",-1,"1","7/28/2016","2133.339",2167.667,"2016-07-27"
"508","lad us equity",2016-09-30,6,"lad6",-1,0,"-1","-1",1,"-1","10/20/2016","2269.967",2249,"2016-10-19"
"509","lad us equity",2016-12-31,7,"lad7",1,1,"-1","-1",1,"1","2/15/2017","2291.99",2217.875,"2017-02-14"
"510","lad us equity",2017-03-31,8,"lad8",-1,1,"1","-1",-1,"-1","4/19/2017","2236.101",2236.889,"2017-04-18"
"511","lb us equity",2015-04-30,0,"lb0",-1,1,NA,NA,-1,"-1","5/20/2015","2511.939",2512,"2015-05-20"
"512","lb us equity",2015-07-31,1,"lb1",-1,0,NA,NA,1,"-1","8/19/2015","2765.237",2765,"2015-08-19"
"513","lb us equity",2015-10-31,2,"lb2",1,0,NA,NA,-1,"1","11/18/2015","2481.575",2482,"2015-11-18"
"514","lb us equity",2016-01-31,3,"lb3",-1,0,NA,NA,1,"-1","2/24/2016","4395.039",4395,"2016-02-24"
"515","lb us equity",2016-04-30,4,"lb4",1,0,NA,NA,-1,"1","5/18/2016","2613.815",2614.077,"2016-05-18"
"516","lb us equity",2016-07-31,5,"lb5",1,0,NA,NA,-1,"1","8/17/2016","2889.744",2890,"2016-08-17"
"517","lb us equity",2016-10-31,6,"lb6",1,0,NA,NA,-1,"1","11/16/2016","2580.979",2581,"2016-11-16"
"518","lb us equity",2017-01-31,7,"lb7",-1,1,NA,NA,-1,"-1","2/22/2017","4489.483",4489.818,"2017-02-22"
"519","lb us equity",2017-04-30,8,"lb8",-1,1,NA,NA,-1,"-1","5/17/2017","2436.523",2437.72,"2017-05-17"
"520","ll us equity",2015-03-31,0,"ll0",-1,0,NA,NA,1,"-1","4/29/2015","259.961",259.267,"2015-04-28"
"521","ll us equity",2015-06-30,1,"ll1",-1,1,NA,NA,-1,"-1","8/5/2015","247.944",258.357,"2015-08-04"
"522","ll us equity",2015-09-30,2,"ll2",-1,1,NA,NA,-1,"-1","11/4/2015","236.064",257.769,"2015-11-03"
"523","ll us equity",2015-12-31,3,"ll3",-1,1,NA,NA,-1,"-1","2/29/2016","234.8",251.417,"2016-02-28"
"524","ll us equity",2016-03-31,4,"ll4",-1,1,NA,NA,-1,"-1","5/10/2016","233.513",238.455,"2016-05-09"
"525","ll us equity",2016-06-30,5,"ll5",-1,1,NA,NA,-1,"-1","7/27/2016","238.092",240.4,"2016-07-26"
"526","ll us equity",2016-09-30,6,"ll6",1,1,NA,NA,1,"1","10/31/2016","244.082",231.8,"2016-10-30"
"527","ll us equity",2016-12-31,7,"ll7",-1,0,NA,NA,1,"-1","2/21/2017","244.901",242.5,"2017-02-20"
"528","ll us equity",2017-03-31,8,"ll8",1,1,NA,NA,1,"1","5/2/2017","248.389",247.091,"2017-05-01"
"529","loco us equity",2015-03-31,0,"loco0",1,1,NA,NA,1,NA,"5/14/2015","90.426",88.5,"2015-05-14"
"530","loco us equity",2015-06-30,1,"loco1",-1,1,NA,NA,-1,NA,"8/13/2015","89.5",92.95,"2015-08-13"
"531","loco us equity",2015-09-30,2,"loco2",1,0,NA,NA,-1,NA,"11/12/2015","88.87",90.4,"2015-11-12"
"532","loco us equity",2015-12-31,3,"loco3",1,0,NA,NA,-1,NA,"3/10/2016","86.307",88.05,"2016-03-10"
"533","loco us equity",2016-03-31,4,"loco4",-1,1,NA,NA,-1,"-1","5/5/2016","94.354",96.617,"2016-05-05"
"534","loco us equity",2016-06-30,5,"loco5",-1,0,NA,NA,1,"-1","8/4/2016","97.474",96.667,"2016-08-04"
"535","loco us equity",2016-09-30,6,"loco6",-1,1,NA,NA,-1,"-1","11/3/2016","95.816",97.25,"2016-11-03"
"536","loco us equity",2016-12-31,7,"loco7",1,1,NA,NA,1,"1","3/9/2017","92.479",91.68,"2017-03-09"
"537","loco us equity",2017-03-31,8,"loco8",-1,1,NA,NA,-1,"-1","5/4/2017","99.771",99.98,"2017-05-04"
"538","low us equity",2015-04-30,0,"low0",1,0,NA,NA,-1,"1","5/20/2015","14129",14254.714,"2015-05-19"
"539","low us equity",2015-07-31,1,"low1",-1,0,NA,NA,1,"-1","8/19/2015","17348",17270.286,"2015-08-18"
"540","low us equity",2015-10-31,2,"low2",1,1,NA,NA,1,"1","11/18/2015","14360",14314.909,"2015-11-17"
"541","low us equity",2016-01-31,3,"low3",1,1,NA,NA,1,"1","2/24/2016","13236",13061.429,"2016-02-23"
"542","low us equity",2016-04-30,4,"low4",1,1,NA,NA,1,"1","5/18/2016","15234",14871.476,"2016-05-17"
"543","low us equity",2016-07-31,5,"low5",-1,1,NA,NA,-1,"-1","8/17/2016","18260",18435.609,"2016-08-16"
"544","low us equity",2016-10-31,6,"low6",1,0,NA,NA,-1,"1","11/16/2016","15739",15836,"2016-11-15"
"545","low us equity",2017-01-31,7,"low7",-1,0,NA,NA,1,"-1","3/1/2017","15784",15368.72,"2017-02-28"
"546","low us equity",2017-04-30,8,"low8",1,0,NA,NA,-1,"1","5/24/2017","16860",16946.375,"2017-05-23"
"547","mcd us equity",2015-03-31,0,"mcd0",1,1,"1","1",1,"1","4/22/2015","5958.9",5952.789,"2015-04-21"
"548","mcd us equity",2015-06-30,1,"mcd1",-1,0,"-1","1",1,"-1","7/23/2015","6497.7",6428.143,"2015-07-22"
"549","mcd us equity",2015-09-30,2,"mcd2",-1,0,"-1","-1",1,"-1","10/22/2015","6615.1",6406.048,"2015-10-21"
"550","mcd us equity",2015-12-31,3,"mcd3",-1,0,"-1","-1",1,"-1","1/25/2016","6341.3",6235.857,"2016-01-24"
"551","mcd us equity",2016-03-31,4,"mcd4",1,1,"1","1",1,"1","4/22/2016","5903.9",5813.25,"2016-04-21"
"552","mcd us equity",2016-06-30,5,"mcd5",1,0,"1","-1",-1,"1","7/26/2016","6265",6266.875,"2016-07-25"
"553","mcd us equity",2016-09-30,6,"mcd6",-1,0,"-1","-1",1,"-1","10/21/2016","6424.1",6277.538,"2016-10-20"
"554","mcd us equity",2016-12-31,7,"mcd7",1,1,"1","1",1,"1","1/23/2017","6028.9",5997.423,"2017-01-22"
"555","mcd us equity",2017-03-31,8,"mcd8",1,1,"1","1",1,"1","4/25/2017","5675.9",5529.24,"2017-04-24"
"556","mik us equity",2015-04-30,0,"mik0",1,0,"1","-1",-1,NA,"6/4/2015","1077.6",1080.786,"2015-06-03"
"557","mik us equity",2015-07-31,1,"mik1",-1,1,"-1","1",-1,NA,"8/27/2015","984.27",985.417,"2015-08-26"
"558","mik us equity",2015-10-31,2,"mik2",-1,1,"-1",NA,-1,NA,"12/3/2015","1168.423",1175,"2015-12-02"
"559","mik us equity",2016-01-31,3,"mik3",-1,0,"-1","-1",1,"-1","3/17/2016","1682.489",1654.286,"2016-03-16"
"560","mik us equity",2016-04-30,4,"mik4",1,0,"1","1",-1,"1","6/7/2016","1158.88",1167.643,"2016-06-06"
"561","mik us equity",2016-07-31,5,"mik5",-1,0,"-1","1",1,"-1","8/25/2016","1060.353",1052.077,"2016-08-24"
"562","mik us equity",2016-10-31,6,"mik6",1,0,"1","1",-1,"-1","12/6/2016","1227.206",1257.857,"2016-12-05"
"563","mik us equity",2017-01-31,7,"mik7",-1,1,"-1","-1",-1,"-1","3/7/2017","1750.854",1761.286,"2017-03-06"
"564","mik us equity",2017-04-30,8,"mik8",1,0,"1","1",-1,"1","6/6/2017","1158.563",1168.692,"2017-06-05"
"565","mnro us equity",2015-03-31,0,"mnro0",-1,1,"-1","-1",-1,"-1","5/21/2015","219.133",226.286,"2015-05-20"
"566","mnro us equity",2015-06-30,1,"mnro1",-1,1,"-1","-1",-1,"-1","7/23/2015","236.52",240,"2015-07-22"
"567","mnro us equity",2015-09-30,2,"mnro2",-1,1,"-1","-1",-1,"-1","10/22/2015","239.155",239.778,"2015-10-21"
"568","mnro us equity",2015-12-31,3,"mnro3",1,0,"1","1",-1,"1","1/26/2016","238.942",239.111,"2016-01-25"
"569","mnro us equity",2016-03-31,4,"mnro4",1,0,"1","1",-1,"1","5/19/2016","229.034",238.889,"2016-05-18"
"570","mnro us equity",2016-06-30,5,"mnro5",1,1,"1","1",1,"1","7/28/2016","236.894",235.4,"2016-07-27"
"571","mnro us equity",2016-09-30,6,"mnro6",-1,1,"-1","1",-1,"-1","10/20/2016","248.584",249.667,"2016-10-19"
"572","mnro us equity",2016-12-31,7,"mnro7",-1,0,"-1","-1",1,"-1","2/1/2017","288.283",279.2,"2017-01-31"
"573","mnro us equity",2017-03-31,8,"mnro8",-1,0,"-1","-1",1,"-1","5/18/2017","252.011",252,"2017-05-17"
"574","musa us equity",2015-03-31,0,"musa0",-1,1,NA,NA,-1,"-1","5/4/2015","2962.515",3948.667,"2015-05-04"
"575","musa us equity",2015-06-30,1,"musa1",-1,1,NA,NA,-1,"-1","8/5/2015","3517.221",3736.2,"2015-08-05"
"576","musa us equity",2015-09-30,2,"musa2",-1,1,NA,NA,-1,"-1","11/4/2015","3382.507",3684.4,"2015-11-04"
"577","musa us equity",2015-12-31,3,"musa3",-1,1,NA,NA,-1,"-1","2/3/2016","2928.154",3236.8,"2016-02-03"
"578","musa us equity",2016-03-31,4,"musa4",1,0,NA,NA,-1,"1","5/9/2016","2490.262",2596,"2016-05-08"
"579","musa us equity",2016-06-30,5,"musa5",1,0,NA,NA,-1,"1","8/3/2016","3005.762",3100,"2016-08-03"
"580","musa us equity",2016-09-30,6,"musa6",-1,1,NA,NA,-1,"-1","11/2/2016","3042.738",3144,"2016-11-02"
"581","musa us equity",2016-12-31,7,"musa7",-1,1,NA,NA,-1,"-1","2/1/2017","3055.791",3107.833,"2017-02-01"
"582","musa us equity",2017-03-31,8,"musa8",-1,0,NA,NA,1,"-1","5/1/2017","2999.618",2950.4,"2017-05-01"
"583","m us equity",2015-04-30,0,"m0",-1,1,NA,NA,-1,"-1","5/13/2015","6232",6313.059,"2015-05-12"
"584","m us equity",2015-07-31,1,"m1",1,0,NA,NA,-1,"1","8/12/2015","6104",6222.263,"2015-08-11"
"585","m us equity",2015-10-31,2,"m2",-1,1,NA,NA,-1,"-1","11/11/2015","5874",6104.056,"2015-11-10"
"586","m us equity",2016-01-31,3,"m3",-1,0,NA,NA,1,"-1","2/23/2016","8869",8831.941,"2016-02-22"
"587","m us equity",2016-04-30,4,"m4",1,0,NA,NA,-1,"1","5/11/2016","5771",5932.882,"2016-05-10"
"588","m us equity",2016-07-31,5,"m5",1,1,NA,NA,1,"1","8/11/2016","5866",5757.529,"2016-08-10"
"589","m us equity",2016-10-31,6,"m6",1,0,NA,NA,-1,"1","11/10/2016","5626",5634.176,"2016-11-09"
"590","m us equity",2017-01-31,7,"m7",-1,1,NA,NA,-1,"-1","2/21/2017","8515",8619.316,"2017-02-20"
"591","m us equity",2017-04-30,8,"m8",-1,1,NA,NA,-1,"-1","5/11/2017","5338",5450.25,"2017-05-10"
"592","orly us equity",2015-03-31,0,"orly0",1,1,"1","1",1,"1","4/22/2015","1901.903",1854.556,"2015-04-22"
"593","orly us equity",2015-06-30,1,"orly1",-1,0,"-1","-1",1,"-1","7/29/2015","2035.518",1997.667,"2015-07-29"
"594","orly us equity",2015-09-30,2,"orly2",-1,0,"-1","-1",1,"-1","10/28/2015","2080.201",2026.053,"2015-10-28"
"595","orly us equity",2015-12-31,3,"orly3",1,1,"1","1",1,"1","2/10/2016","1949.052",1909.263,"2016-02-10"
"596","orly us equity",2016-03-31,4,"orly4",1,1,"1","1",1,"1","4/27/2016","2096.15",2059,"2016-04-27"
"597","orly us equity",2016-06-30,5,"orly5",-1,1,"-1","-1",-1,"-1","7/27/2016","2176.689",2192.944,"2016-07-27"
"598","orly us equity",2016-09-30,6,"orly6",-1,1,"-1","-1",-1,"-1","10/26/2016","2220.955",2223.789,"2016-10-26"
"599","orly us equity",2016-12-31,7,"orly7",1,1,"1","1",1,"1","2/7/2017","2099.302",2086.19,"2017-02-07"
"600","orly us equity",2017-03-31,8,"orly8",-1,1,"-1","-1",-1,"-1","4/26/2017","2156.259",2218.952,"2017-04-26"
"601","pag us equity",2015-03-31,0,"pag0",1,0,NA,NA,-1,NA,"4/28/2015","4471.1",4529.875,"2015-04-27"
"602","pag us equity",2015-06-30,1,"pag1",-1,0,NA,NA,1,NA,"7/29/2015","4904.4",4883.333,"2015-07-28"
"603","pag us equity",2015-09-30,2,"pag2",-1,0,NA,NA,1,"-1","10/29/2015","4960.1",4958.556,"2015-10-28"
"604","pag us equity",2015-12-31,3,"pag3",-1,0,NA,NA,1,"-1","2/11/2016","4921.3",4728.556,"2016-02-10"
"605","pag us equity",2016-03-31,4,"pag4",1,1,NA,NA,1,"1","4/26/2016","4824.6",4800.111,"2016-04-25"
"606","pag us equity",2016-06-30,5,"pag5",-1,0,NA,NA,1,"-1","7/28/2016","5254.1",5186.111,"2016-07-27"
"607","pag us equity",2016-09-30,6,"pag6",1,0,NA,NA,-1,"1","10/26/2016","5152",5177.875,"2016-10-25"
"608","pag us equity",2016-12-31,7,"pag7",1,0,NA,NA,-1,"1","2/7/2017","4887.8",5001.333,"2017-02-06"
"609","pag us equity",2017-03-31,8,"pag8",-1,0,NA,NA,1,"-1","4/26/2017","5081.1",4869.444,"2017-04-25"
"610","pbpb us equity",2015-03-31,0,"pbpb0",1,1,"1","1",1,NA,"5/5/2015","85.768",85.12,"2015-05-05"
"611","pbpb us equity",2015-06-30,1,"pbpb1",-1,0,"-1","-1",1,"-1","8/4/2015","95.949",95.48,"2015-08-04"
"612","pbpb us equity",2015-09-30,2,"pbpb2",-1,0,"-1","-1",1,"-1","11/3/2015","96.039",96.02,"2015-11-03"
"613","pbpb us equity",2015-12-31,3,"pbpb3",1,1,"1","1",1,"1","2/16/2016","95.093",94.86,"2016-02-16"
"614","pbpb us equity",2016-03-31,4,"pbpb4",1,0,"1","1",-1,"1","5/3/2016","95.955",96.18,"2016-05-03"
"615","pbpb us equity",2016-06-30,5,"pbpb5",-1,1,"-1","-1",-1,"-1","8/2/2016","105.036",105.6,"2016-08-02"
"616","pbpb us equity",2016-09-30,6,"pbpb6",-1,1,"-1","-1",-1,"-1","11/1/2016","103.782",104.333,"2016-11-01"
"617","pbpb us equity",2016-12-31,7,"pbpb7",1,1,"1","1",1,"1","2/14/2017","102.358",101.833,"2017-02-14"
"618","pbpb us equity",2017-03-31,8,"pbpb8",-1,1,"-1","-1",-1,"-1","5/2/2017","101.699",103.167,"2017-05-02"
"619","pir us equity",2015-05-31,0,"pir0",-1,1,NA,NA,-1,"-1","6/17/2015","432.004",434.533,"2015-06-17"
"620","pir us equity",2015-08-31,1,"pir1",-1,1,NA,NA,-1,"-1","9/24/2015","429.956",434.667,"2015-09-24"
"621","pir us equity",2015-11-30,2,"pir2",-1,1,NA,NA,-1,"-1","12/16/2015","472.547",492.429,"2015-12-16"
"622","pir us equity",2016-02-29,3,"pir3",-1,0,NA,NA,1,"-1","4/13/2016","542.325",536.9,"2016-04-13"
"623","pir us equity",2016-05-31,4,"pir4",1,0,NA,NA,-1,"1","6/29/2016","418.37",420.714,"2016-06-29"
"624","pir us equity",2016-08-31,5,"pir5",1,1,NA,NA,1,"1","9/28/2016","405.823",405.643,"2016-09-28"
"625","pir us equity",2016-11-30,6,"pir6",1,1,NA,NA,1,"1","12/14/2016","475.901",469,"2016-12-14"
"626","pir us equity",2017-02-28,7,"pir7",-1,0,NA,NA,1,"-1","4/12/2017","528.352",528,"2017-04-12"
"627","play us equity",2015-04-30,0,"play0",-1,0,NA,NA,1,NA,"6/8/2015","222.675",216.2,"2015-06-08"
"628","play us equity",2015-07-31,1,"play1",1,1,NA,NA,1,NA,"9/8/2015","217.339",204.2,"2015-09-08"
"629","play us equity",2015-10-31,2,"play2",1,1,NA,NA,1,NA,"12/8/2015","192.753",185.2,"2015-12-08"
"630","play us equity",2016-01-31,3,"play3",1,1,NA,NA,1,NA,"3/29/2016","234.215",229.5,"2016-03-29"
"631","play us equity",2016-04-30,4,"play4",-1,0,NA,NA,1,"-1","6/7/2016","261.987",251.5,"2016-06-07"
"632","play us equity",2016-07-31,5,"play5",-1,0,NA,NA,1,"-1","9/6/2016","244.33",243.143,"2016-09-06"
"633","play us equity",2016-10-31,6,"play6",1,1,NA,NA,1,"1","12/6/2016","228.659",216.875,"2016-12-06"
"634","play us equity",2017-01-31,7,"play7",1,1,NA,NA,1,"1","3/28/2017","270.182",269.667,"2017-03-28"
"635","play us equity",2017-04-30,8,"play8",-1,0,NA,NA,1,"-1","6/6/2017","304.148",299.889,"2017-06-06"
"636","plce us equity",2015-04-30,0,"plce0",-1,1,NA,NA,-1,"-1","5/14/2015","404.865",405.692,"2015-05-13"
"637","plce us equity",2015-07-31,1,"plce1",1,0,NA,NA,-1,"1","8/25/2015","366.455",381.333,"2015-08-24"
"638","plce us equity",2015-10-31,2,"plce2",-1,1,NA,NA,-1,"-1","12/8/2015","455.913",473.75,"2015-12-07"
"639","plce us equity",2016-01-31,3,"plce3",-1,1,NA,NA,-1,"-1","3/15/2016","498.544",499.182,"2016-03-14"
"640","plce us equity",2016-04-30,4,"plce4",1,1,NA,NA,1,"1","5/17/2016","419.351",417.25,"2016-05-16"
"641","plce us equity",2016-07-31,5,"plce5",1,1,NA,NA,1,"1","8/17/2016","371.416",368.375,"2016-08-16"
"642","plce us equity",2016-10-31,6,"plce6",-1,0,NA,NA,1,"-1","11/17/2016","473.777",462.25,"2016-11-16"
"643","plce us equity",2017-01-31,7,"plce7",-1,1,NA,NA,-1,"-1","3/8/2017","520.772",522.111,"2017-03-07"
"644","plce us equity",2017-04-30,8,"plce8",-1,0,NA,NA,1,"-1","5/18/2017","436.676",422.571,"2017-05-17"
"645","pzza us equity",2015-03-31,0,"pzza0",-1,0,NA,NA,1,NA,"5/5/2015","432.284",415.75,"2015-05-05"
"646","pzza us equity",2015-06-30,1,"pzza1",1,0,NA,NA,-1,NA,"8/4/2015","398.991",404.2,"2015-08-04"
"647","pzza us equity",2015-09-30,2,"pzza2",-1,1,NA,NA,-1,"1","11/3/2015","389.284",398.4,"2015-11-03"
"648","pzza us equity",2015-12-31,3,"pzza3",1,0,NA,NA,-1,"1","2/23/2016","416.816",426,"2016-02-23"
"649","pzza us equity",2016-03-31,4,"pzza4",1,0,NA,NA,-1,"-1","5/3/2016","428.595",441,"2016-05-03"
"650","pzza us equity",2016-06-30,5,"pzza5",1,1,NA,NA,1,"1","8/2/2016","422.964",414.833,"2016-08-02"
"651","pzza us equity",2016-09-30,6,"pzza6",1,1,NA,NA,1,"1","11/1/2016","422.442",418.167,"2016-11-01"
"652","pzza us equity",2016-12-31,7,"pzza7",-1,1,NA,NA,-1,"-1","2/21/2017","439.619",448.333,"2017-02-21"
"653","pzza us equity",2017-03-31,8,"pzza8",-1,0,NA,NA,1,"-1","5/2/2017","449.266",438,"2017-05-02"
"654","rad us equity",2015-05-31,0,"rad0",-1,0,NA,NA,1,NA,"6/18/2015","6647.561",6644.818,"2015-06-17"
"655","rad us equity",2015-08-31,1,"rad1",-1,0,NA,NA,1,"-1","9/17/2015","7664.776",7567.111,"2015-09-16"
"656","rad us equity",2015-11-30,2,"rad2",1,0,NA,NA,-1,"1","12/17/2015","8154.184",8184.182,"2015-12-16"
"657","rad us equity",2016-02-29,3,"rad3",1,0,NA,NA,-1,"-1","4/7/2016","8270.136",8398.364,"2016-04-06"
"658","rad us equity",2016-05-31,4,"rad4",-1,1,NA,NA,-1,"-1","6/16/2016","8184.181",8239.8,"2016-06-15"
"659","rad us equity",2016-08-31,5,"rad5",1,0,NA,NA,-1,"-1","9/22/2016","8029.806",8165.143,"2016-09-21"
"660","rad us equity",2016-11-30,6,"rad6",-1,1,NA,NA,-1,"-1","12/22/2016","8089.726",8227.857,"2016-12-21"
"661","rad us equity",2017-02-28,7,"rad7",-1,0,NA,NA,1,"-1","4/25/2017","8541.36",8266.2,"2017-04-24"
"662","rcii us equity",2015-03-31,0,"rcii0",-1,0,NA,NA,1,"-1","4/27/2015","877.639",860.429,"2015-04-27"
"663","rcii us equity",2015-06-30,1,"rcii1",1,1,NA,NA,1,"1","7/27/2015","815.343",810.714,"2015-07-27"
"664","rcii us equity",2015-09-30,2,"rcii2",1,0,NA,NA,-1,"1","10/26/2015","791.605",803.286,"2015-10-26"
"665","rcii us equity",2015-12-31,3,"rcii3",-1,1,NA,NA,-1,"-1","2/1/2016","793.833",804.167,"2016-02-01"
"666","rcii us equity",2016-03-31,4,"rcii4",-1,1,NA,NA,-1,"-1","4/27/2016","835.652",851.167,"2016-04-27"
"667","rcii us equity",2016-06-30,5,"rcii5",-1,1,NA,NA,-1,"-1","7/27/2016","749.619",781.833,"2016-07-27"
"668","rcii us equity",2016-09-30,6,"rcii6",1,1,NA,NA,1,"1","10/26/2016","693.877",692.5,"2016-10-26"
"669","rcii us equity",2016-12-31,7,"rcii7",1,0,NA,NA,-1,"1","2/13/2017","684.104",686.857,"2017-02-13"
"670","rcii us equity",2017-03-31,8,"rcii8",-1,0,NA,NA,1,"-1","5/1/2017","741.986",733.5,"2017-05-01"
"671","rh us equity",2015-04-30,0,"rh0",1,1,"1","1",1,NA,"6/11/2015","422.445",418.188,"2015-06-11"
"672","rh us equity",2015-07-31,1,"rh1",-1,0,"-1","1",1,"1","9/10/2015","506.942",503.176,"2015-09-10"
"673","rh us equity",2015-10-31,2,"rh2",-1,1,"-1","-1",-1,"1","12/10/2015","532.411",540.053,"2015-12-10"
"674","rh us equity",2016-01-31,3,"rh3",-1,1,"-1","-1",-1,"-1","2/24/2016","647.208",711.05,"2016-02-24"
"675","rh us equity",2016-04-30,4,"rh4",1,1,"1","1",1,"1","6/8/2016","455.456",452.778,"2016-06-08"
"676","rh us equity",2016-07-31,5,"rh5",1,1,"1","1",1,"1","9/8/2016","543.381",511.444,"2016-09-08"
"677","rh us equity",2016-10-31,6,"rh6",-1,0,"-1","1",1,"-1","12/8/2016","549.328",528.105,"2016-12-08"
"678","rh us equity",2017-01-31,7,"rh7",-1,0,"-1","-1",1,"-1","3/28/2017","590.147",589.143,"2017-03-28"
"679","rh us equity",2017-04-30,8,"rh8",1,1,"1","-1",1,"1","6/1/2017","562.08",560.375,"2017-06-01"
"680","rost us equity",2015-04-30,0,"rost0",-1,0,NA,NA,1,"-1","5/21/2015","2938.148",2887.038,"2015-05-21"
"681","rost us equity",2015-07-31,1,"rost1",1,1,NA,NA,1,"1","8/20/2015","2968.27",2936.583,"2015-08-20"
"682","rost us equity",2015-10-31,2,"rost2",1,1,NA,NA,1,"1","11/19/2015","2782.855",2765.115,"2015-11-19"
"683","rost us equity",2016-01-31,3,"rost3",-1,0,NA,NA,1,"-1","3/1/2016","3250.726",3212.04,"2016-03-01"
"684","rost us equity",2016-04-30,4,"rost4",1,0,NA,NA,-1,"1","5/19/2016","3088.995",3115.615,"2016-05-19"
"685","rost us equity",2016-07-31,5,"rost5",1,1,NA,NA,1,"1","8/18/2016","3180.917",3127.087,"2016-08-18"
"686","rost us equity",2016-10-31,6,"rost6",1,1,NA,NA,1,"1","11/17/2016","3086.687",2957.68,"2016-11-17"
"687","rost us equity",2017-01-31,7,"rost7",-1,0,NA,NA,1,"-1","2/28/2017","3510.158",3456.708,"2017-02-28"
"688","rost us equity",2017-04-30,8,"rost8",-1,0,NA,NA,1,"-1","5/18/2017","3306.429",3273.455,"2017-05-18"
"689","rrgb us equity",2015-03-31,0,"rrgb0",-1,0,NA,NA,1,"-1","5/19/2015","394.901",393.667,"2015-05-18"
"690","rrgb us equity",2015-06-30,1,"rrgb1",1,0,NA,NA,-1,"1","8/11/2015","292.979",298.9,"2015-08-10"
"691","rrgb us equity",2015-09-30,2,"rrgb2",1,0,NA,NA,-1,"1","11/3/2015","283.412",287.4,"2015-11-02"
"692","rrgb us equity",2015-12-31,3,"rrgb3",-1,1,NA,NA,-1,"-1","2/12/2016","286.3",287.375,"2016-02-11"
"693","rrgb us equity",2016-03-31,4,"rrgb4",-1,1,NA,NA,-1,"-1","5/17/2016","402.126",415.667,"2016-05-16"
"694","rrgb us equity",2016-06-30,5,"rrgb5",1,0,NA,NA,-1,"1","8/8/2016","305.549",313.25,"2016-08-08"
"695","rrgb us equity",2016-09-30,6,"rrgb6",1,1,NA,NA,1,"1","11/2/2016","297.307",295.857,"2016-11-02"
"696","rrgb us equity",2016-12-31,7,"rrgb7",1,0,NA,NA,-1,"1","2/21/2017","291.459",292.333,"2017-02-21"
"697","rrgb us equity",2017-03-31,8,"rrgb8",-1,0,NA,NA,1,"-1","5/16/2017","418.557",416.444,"2017-05-16"
"698","rusha us equity",2015-03-31,0,"rusha0",1,1,NA,NA,1,"1","4/21/2015","1193.535",1161.667,"2015-04-21"
"699","rusha us equity",2015-06-30,1,"rusha1",-1,0,NA,NA,1,"-1","7/21/2015","1330.303",1220.222,"2015-07-21"
"700","rusha us equity",2015-09-30,2,"rusha2",-1,0,NA,NA,1,"-1","10/20/2015","1294.076",1289.889,"2015-10-20"
"701","rusha us equity",2015-12-31,3,"rusha3",-1,1,NA,NA,-1,"-1","2/9/2016","1161.819",1263.667,"2016-02-09"
"702","rusha us equity",2016-03-31,4,"rusha4",1,1,NA,NA,1,"1","4/20/2016","1070.84",1061.875,"2016-04-20"
"703","rusha us equity",2016-06-30,5,"rusha5",1,0,NA,NA,-1,"1","7/26/2016","1026.462",1099,"2016-07-26"
"704","rusha us equity",2016-09-30,6,"rusha6",1,1,NA,NA,1,"1","10/26/2016","1096.041",1036.5,"2016-10-26"
"705","rusha us equity",2016-12-31,7,"rusha7",1,0,NA,NA,-1,"1","2/15/2017","1021.271",1039.833,"2017-02-15"
"706","rusha us equity",2017-03-31,8,"rusha8",1,1,NA,NA,1,"1","4/24/2017","1044.797",989.714,"2017-04-24"
"707","ruth us equity",2015-03-31,0,"ruth0",-1,1,NA,NA,-1,"-1","5/1/2015","97.344",98.867,"2015-04-30"
"708","ruth us equity",2015-06-30,1,"ruth1",-1,0,NA,NA,1,"-1","7/31/2015","91.049",89.125,"2015-07-30"
"709","ruth us equity",2015-09-30,2,"ruth2",1,1,NA,NA,1,"1","10/30/2015","80.292",79.325,"2015-10-29"
"710","ruth us equity",2015-12-31,3,"ruth3",-1,1,NA,NA,-1,"-1","2/12/2016","104.747",105.75,"2016-02-11"
"711","ruth us equity",2016-03-31,4,"ruth4",1,0,NA,NA,-1,"1","4/28/2016","101.89",102,"2016-04-27"
"712","ruth us equity",2016-06-30,5,"ruth5",-1,1,NA,NA,-1,"-1","7/29/2016","92.654",92.775,"2016-07-28"
"713","ruth us equity",2016-09-30,6,"ruth6",1,1,NA,NA,1,"1","10/28/2016","83.774",83.35,"2016-10-27"
"714","ruth us equity",2016-12-31,7,"ruth7",-1,1,NA,NA,-1,"-1","2/17/2017","107.629",108.5,"2017-02-16"
"715","ruth us equity",2017-03-31,8,"ruth8",-1,1,NA,NA,-1,"-1","5/5/2017","105.538",106,"2017-05-04"
"716","sah us equity",2015-03-31,0,"sah0",-1,1,NA,NA,-1,NA,"4/21/2015","2235.515",2243.143,"2015-04-20"
"717","sah us equity",2015-06-30,1,"sah1",-1,1,NA,NA,-1,NA,"7/20/2015","2423.74",2450.4,"2015-07-19"
"718","sah us equity",2015-09-30,2,"sah2",1,1,NA,NA,1,"1","10/28/2015","2494.408",2458.167,"2015-10-27"
"719","sah us equity",2015-12-31,3,"sah3",1,0,NA,NA,-1,"1","2/23/2016","2470.635",2477,"2016-02-22"
"720","sah us equity",2016-03-31,4,"sah4",1,0,NA,NA,-1,"1","4/26/2016","2234.626",2320.875,"2016-04-25"
"721","sah us equity",2016-06-30,5,"sah5",-1,1,NA,NA,-1,"-1","7/26/2016","2382.312",2468.111,"2016-07-25"
"722","sah us equity",2016-09-30,6,"sah6",-1,0,NA,NA,1,"-1","11/1/2016","2557.928",2483.833,"2016-10-31"
"723","sah us equity",2016-12-31,7,"sah7",-1,0,NA,NA,1,"-1","2/21/2017","2556.913",2515.5,"2017-02-20"
"724","sah us equity",2017-03-31,8,"sah8",1,1,NA,NA,1,"1","4/26/2017","2287.822",2287,"2017-04-25"
"725","sbh us equity",2015-03-31,0,"sbh0",1,0,"1","1",-1,NA,"5/5/2015","937.755",950.077,"2015-05-04"
"726","sbh us equity",2015-06-30,1,"sbh1",-1,1,"-1","-1",-1,NA,"8/6/2015","967.89",975.385,"2015-08-05"
"727","sbh us equity",2015-09-30,2,"sbh2",-1,0,"-1","-1",1,"1","11/12/2015","964.23",964.077,"2015-11-11"
"728","sbh us equity",2015-12-31,3,"sbh3",-1,0,"-1","-1",1,"-1","2/4/2016","998.032",989.692,"2016-02-03"
"729","sbh us equity",2016-03-31,4,"sbh4",1,1,"1","1",1,"1","5/5/2016","980.067",963.286,"2016-05-04"
"730","sbh us equity",2016-06-30,5,"sbh5",-1,1,"-1","-1",-1,"-1","8/4/2016","998.161",1004.25,"2016-08-03"
"731","sbh us equity",2016-09-30,6,"sbh6",-1,1,"1","1",-1,"-1","11/15/2016","976.358",989.091,"2016-11-14"
"732","sbh us equity",2016-12-31,7,"sbh7",-1,1,"-1","-1",-1,"-1","2/2/2017","999.609",1013.636,"2017-02-01"
"733","sbh us equity",2017-03-31,8,"sbh8",-1,1,"-1","-1",-1,"-1","5/4/2017","966.47",986.818,"2017-05-03"
"734","scvl us equity",2015-04-30,0,"scvl0",1,0,NA,NA,-1,"1","5/20/2015","252.767",254.8,"2015-05-20"
"735","seas us equity",2015-03-31,0,"seas0",1,1,"1","1",1,"1","5/7/2015","214.592",211,"2015-05-06"
"736","seas us equity",2015-06-30,1,"seas1",-1,1,"-1","-1",-1,"-1","8/6/2015","391.616",397.8,"2015-08-05"
"737","seas us equity",2015-09-30,2,"seas2",-1,1,"-1","-1",-1,"-1","11/5/2015","496.939",508.556,"2015-11-04"
"738","seas us equity",2015-12-31,3,"seas3",-1,0,"-1","-1",1,"-1","2/25/2016","267.857",267.8,"2016-02-24"
"739","seas us equity",2016-03-31,4,"seas4",1,1,"1","1",1,"1","5/5/2016","220.241",217.7,"2016-05-04"
"740","seas us equity",2016-06-30,5,"seas5",-1,1,"-1","-1",-1,"-1","8/4/2016","371.136",375.111,"2016-08-03"
"741","seas us equity",2016-09-30,6,"seas6",-1,1,"-1","-1",-1,"-1","11/8/2016","485.318",485.5,"2016-11-07"
"742","seas us equity",2016-12-31,7,"seas7",1,0,"1","1",-1,"1","2/28/2017","267.597",269.286,"2017-02-27"
"743","seas us equity",2017-03-31,8,"seas8",-1,1,"-1","-1",-1,"-1","5/9/2017","186.357",205.636,"2017-05-08"
"744","sfm us equity",2015-03-31,0,"sfm0",1,0,"1","1",-1,"1","5/7/2015","857.506",863,"2015-05-07"
"745","sfm us equity",2015-06-30,1,"sfm1",-1,0,"-1","-1",1,"-1","8/6/2015","902.153",900.722,"2015-08-06"
"746","sfm us equity",2015-09-30,2,"sfm2",1,1,"1","1",1,"1","11/5/2015","903.069",899.056,"2015-11-04"
"747","sfm us equity",2015-12-31,3,"sfm3",1,1,"1","1",1,"1","2/25/2016","930.303",908.474,"2016-02-24"
"748","sfm us equity",2016-03-31,4,"sfm4",-1,1,"-1","-1",-1,"-1","5/5/2016","993.241",1011.611,NA
"749","sfm us equity",2016-06-30,5,"sfm5",-1,1,"-1","-1",-1,"-1","8/4/2016","1031.643",1042.412,NA
"750","sfm us equity",2016-09-30,6,"sfm6",1,1,"1","1",1,"1","11/3/2016","1035.801",1012.643,"2016-11-02"
"751","sfm us equity",2016-12-31,7,"sfm7",1,1,"1","1",1,"1","2/23/2017","985.7",975.6,NA
"752","sfm us equity",2017-03-31,8,"sfm8",-1,0,"-1","-1",1,"-1","5/4/2017","1130.645",1114,NA
"753","shld us equity",2015-04-30,0,"shld0",1,0,NA,NA,-1,NA,"6/8/2015","5882",6079,"2015-06-07"
"754","shld us equity",2015-07-31,1,"shld1",1,1,NA,NA,1,"1","8/20/2015","6211",5718,"2015-08-19"
"755","shld us equity",2015-10-31,2,"shld2",1,1,NA,NA,1,"1","12/3/2015","5750",5506,"2015-12-02"
"756","shld us equity",2016-01-31,3,"shld3",-1,0,NA,NA,1,"-1","2/25/2016","7303",7259,"2016-02-24"
"757","shld us equity",2016-04-30,4,"shld4",1,1,NA,NA,1,"-1","5/26/2016","5394",5256,"2016-05-25"
"758","shld us equity",2016-07-31,5,"shld5",1,1,NA,NA,1,"1","8/25/2016","5663",5433,"2016-08-24"
"759","shld us equity",2016-10-31,6,"shld6",1,1,NA,NA,1,"1","12/8/2016","5029",4947,"2016-12-07"
"760","shld us equity",2017-01-31,7,"shld7",-1,0,NA,NA,1,"-1","3/9/2017","6052",5891,"2017-03-08"
"761","shld us equity",2017-04-30,8,"shld8",1,1,NA,NA,1,"1","5/25/2017","4301",4054,"2017-05-24"
"762","sig us equity",2015-04-30,0,"sig0",-1,1,"-1","-1",-1,NA,"5/28/2015","1539.2",1549.444,"2015-05-27"
"763","sig us equity",2015-07-31,1,"sig1",-1,0,"1","1",1,"1","8/27/2015","1417.8",1388.1,"2015-08-26"
"764","sig us equity",2015-10-31,2,"sig2",1,0,"1","1",-1,"1","11/24/2015","1222.6",1228.933,"2015-11-23"
"765","sig us equity",2016-01-31,3,"sig3",-1,1,"-1","-1",-1,"-1","3/24/2016","2397.8",2406.429,"2016-03-23"
"766","sig us equity",2016-04-30,4,"sig4",1,0,"1","1",-1,"1","5/26/2016","1583.1",1607.714,"2016-05-25"
"767","sig us equity",2016-07-31,5,"sig5",1,0,"1","1",-1,"1","8/25/2016","1376.9",1435,"2016-08-24"
"768","sig us equity",2016-10-31,6,"sig6",1,1,"1","1",1,"1","11/22/2016","1189.2",1176.667,"2016-11-21"
"769","sig us equity",2017-01-31,7,"sig7",1,0,"-1","-1",-1,"1","3/9/2017","2272.5",2298.917,"2017-03-08"
"770","sig us equity",2017-04-30,8,"sig8",-1,1,"1","1",-1,"1","5/25/2017","1403.4",1454.818,"2017-05-24"
"771","six us equity",2015-03-31,0,"six0",1,1,"1","1",1,NA,"4/22/2015","85.155",83.125,"2015-04-21"
"772","six us equity",2015-06-30,1,"six1",1,0,"1","1",-1,NA,"7/22/2015","386.065",399.25,"2015-07-21"
"773","six us equity",2015-09-30,2,"six2",-1,0,"-1","-1",1,"-1","10/19/2015","575.261",558.556,"2015-10-19"
"774","six us equity",2015-12-31,3,"six3",-1,0,"-1","1",1,"-1","2/18/2016","217.457",192.9,"2016-02-17"
"775","six us equity",2016-03-31,4,"six4",1,1,"1","1",1,"1","4/27/2016","115.419",96.058,"2016-04-26"
"776","six us equity",2016-06-30,5,"six5",1,0,"1","-1",-1,"1","7/27/2016","407.066",409.3,"2016-07-26"
"777","six us equity",2016-09-30,6,"six6",-1,1,"-1","-1",-1,"-1","10/26/2016","557.599",586.5,"2016-10-25"
"778","six us equity",2016-12-31,7,"six7",1,1,"1","1",1,"1","2/22/2017","239.314",229.5,"2017-02-21"
"779","six us equity",2017-03-31,8,"six8",-1,1,"-1","-1",-1,"-1","4/26/2017","99.528",109.364,"2017-04-25"
"780","smrt us equity",2015-04-30,0,"smrt0",-1,0,NA,NA,1,"-1","5/21/2015","353.521",348,"2015-05-20"
"781","smrt us equity",2015-07-31,1,"smrt1",1,0,NA,NA,-1,"1","8/20/2015","311.583",314.333,"2015-08-19"
"782","smrt us equity",2015-10-31,2,"smrt2",1,0,NA,NA,-1,"1","11/19/2015","300.665",306.333,"2015-11-18"
"783","smrt us equity",2016-01-31,3,"smrt3",-1,0,NA,NA,1,"-1","3/10/2016","394.132",394,"2016-03-09"
"784","smrt us equity",2016-04-30,4,"smrt4",1,0,NA,NA,-1,"1","5/19/2016","355.712",369,"2016-05-18"
"785","smrt us equity",2016-07-31,5,"smrt5",-1,1,NA,NA,-1,"-1","8/19/2016","319.761",326,"2016-08-18"
"786","smrt us equity",2016-10-31,6,"smrt6",1,0,NA,NA,-1,"1","11/17/2016","299.527",304,"2016-11-16"
"787","smrt us equity",2017-01-31,7,"smrt7",1,0,NA,NA,-1,"1","3/8/2017","385.518",388.5,"2017-03-07"
"788","smrt us equity",2017-04-30,8,"smrt8",-1,1,NA,NA,-1,"-1","5/17/2017","337.335",359,"2017-05-17"
"789","sonc us equity",2015-05-31,0,"sonc0",-1,0,NA,NA,1,"-1","6/22/2015","164.748",163.636,"2015-06-22"
"790","sonc us equity",2015-08-31,1,"sonc1",1,0,NA,NA,-1,"1","10/19/2015","175.266",175.5,"2015-10-19"
"791","sonc us equity",2015-11-30,2,"sonc2",1,1,NA,NA,1,"1","1/5/2016","145.803",144.333,"2016-01-05"
"792","sonc us equity",2016-02-29,3,"sonc3",1,1,NA,NA,1,"1","3/29/2016","133.16",127.917,"2016-03-29"
"793","sonc us equity",2016-05-31,4,"sonc4",-1,1,NA,NA,-1,"-1","6/23/2016","165.239",165.846,"2016-06-23"
"794","sonc us equity",2016-08-31,5,"sonc5",-1,1,NA,NA,-1,"-1","10/24/2016","162.118",167.231,"2016-10-24"
"795","sonc us equity",2016-11-30,6,"sonc6",-1,1,NA,NA,-1,"-1","1/4/2017","129.551",130.643,"2017-01-04"
"796","sonc us equity",2017-02-28,7,"sonc7",1,0,NA,NA,-1,"1","3/28/2017","100.158",104.621,"2017-03-28"
"797","spls us equity",2015-04-30,0,"spls0",-1,1,NA,NA,-1,"-1","5/20/2015","5262",5464.929,"2015-05-19"
"798","spls us equity",2015-07-31,1,"spls1",1,0,NA,NA,-1,"1","8/19/2015","4937",4961.833,"2015-08-18"
"799","spls us equity",2015-10-31,2,"spls2",1,0,NA,NA,-1,"1","11/18/2015","5593",5662.909,"2015-11-17"
"800","spls us equity",2016-01-31,3,"spls3",-1,1,NA,NA,-1,"-1","3/4/2016","5268",5400.364,"2016-03-03"
"801","spls us equity",2016-04-30,4,"spls4",1,1,NA,NA,1,"1","5/18/2016","5101",5081.909,"2016-05-17"
"802","spls us equity",2016-07-31,5,"spls5",-1,1,NA,NA,-1,"-1","8/17/2016","4752",4766.7,"2016-08-16"
"803","spls us equity",2016-10-31,6,"spls6",-1,1,NA,NA,-1,"-1","11/17/2016","5355",5390.7,"2016-11-16"
"804","spls us equity",2017-01-31,7,"spls7",-1,1,NA,NA,-1,"-1","3/9/2017","4560",5022.2,"2017-03-08"
"805","spls us equity",2017-04-30,8,"spls8",-1,1,NA,NA,-1,"-1","5/16/2017","4149",4455.6,"2017-05-15"
"806","spwh us equity",2015-04-30,0,"spwh0",1,1,"1","1",1,NA,"5/28/2015","144.493",142.875,"2015-05-28"
"807","spwh us equity",2015-07-31,1,"spwh1",-1,0,"-1","-1",1,NA,"8/27/2015","172.985",171.333,"2015-08-27"
"808","spwh us equity",2015-10-31,2,"spwh2",-1,1,"-1","-1",-1,NA,"11/19/2015","199.704",201.667,"2015-11-19"
"809","spwh us equity",2016-01-31,3,"spwh3",-1,0,"-1","-1",1,"-1","3/23/2016","212.73",206.778,"2016-03-23"
"810","spwh us equity",2016-04-30,4,"spwh4",1,0,"1","1",-1,"1","5/24/2016","151.615",158.429,"2016-05-24"
"811","spwh us equity",2016-07-31,5,"spwh5",-1,0,"-1","1",1,"-1","8/18/2016","189.804",182.571,"2016-08-18"
"812","spwh us equity",2016-10-31,6,"spwh6",-1,0,"-1","-1",1,"-1","11/17/2016","217.161",216,"2016-11-17"
"813","spwh us equity",2017-01-31,7,"spwh7",-1,1,"-1","-1",-1,"-1","3/23/2017","221.376",227.571,"2017-03-23"
"814","spwh us equity",2017-04-30,8,"spwh8",1,1,"1","1",1,"1","5/18/2017","156.898",151.714,"2017-05-18"
"815","svu us equity",2015-05-31,0,"svu0",-1,0,NA,NA,1,"-1","7/28/2015","5407",5351.4,"2015-07-27"
"816","svu us equity",2015-08-31,1,"svu1",1,0,NA,NA,-1,"-1","10/21/2015","4062",4126,"2015-10-20"
"817","svu us equity",2015-11-30,2,"svu2",-1,1,NA,NA,-1,"-1","1/13/2016","4114",4162.556,"2016-01-12"
"818","svu us equity",2016-02-29,3,"svu3",-1,1,NA,NA,-1,"-1","4/26/2016","3946",3995.3,"2016-04-25"
"819","svu us equity",2016-05-31,4,"svu4",-1,1,NA,NA,-1,"-1","7/27/2016","5196",5290.125,"2016-07-26"
"820","svu us equity",2016-08-31,5,"svu5",-1,1,NA,NA,-1,"-1","10/19/2016","3865",3943.1,"2016-10-18"
"821","svu us equity",2016-11-30,6,"svu6",1,1,NA,NA,1,"1","1/11/2017","3003",2954,"2017-01-10"
"822","svu us equity",2017-02-28,7,"svu7",1,1,NA,NA,1,"1","4/25/2017","2907",2903.556,"2017-04-24"
"823","ta us equity",2015-03-31,0,"ta0",-1,1,"-1","-1",-1,NA,"5/7/2015","1407.701",1689.75,"2015-05-06"
"824","ta us equity",2015-06-30,1,"ta1",-1,1,"1","1",-1,NA,"8/6/2015","1582.883",1712.25,"2015-08-05"
"825","ta us equity",2015-09-30,2,"ta2",-1,1,"-1","-1",-1,"-1","11/9/2015","1508.993",1705.667,"2015-11-08"
"826","ta us equity",2015-12-31,3,"ta3",-1,1,"-1","-1",-1,"-1","3/14/2016","1351.056",1636.75,"2016-03-13"
"827","ta us equity",2016-03-31,4,"ta4",-1,1,"1","1",-1,"-1","5/9/2016","1164.45",1384.5,"2016-05-08"
"828","ta us equity",2016-06-30,5,"ta5",-1,0,"-1","-1",1,"1","8/8/2016","1445.065",1414.5,"2016-08-07"
"829","ta us equity",2016-09-30,6,"ta6",-1,1,"-1","-1",-1,"1","11/8/2016","1477.603",1553.25,"2016-11-07"
"830","ta us equity",2016-12-31,7,"ta7",1,0,"-1","-1",-1,"1","2/28/2017","1424.287",1447.333,"2017-02-27"
"831","ta us equity",2017-03-31,8,"ta8",1,0,"-1","-1",-1,"1","5/9/2017","1390.766",1520,"2017-05-08"
"832","tgt us equity",2015-04-30,0,"tgt0",-1,0,NA,NA,1,"-1","5/20/2015","17119",17086.5,"2015-05-19"
"833","tgt us equity",2015-07-31,1,"tgt1",-1,0,NA,NA,1,"-1","8/19/2015","17427",17398,"2015-08-18"
"834","tgt us equity",2015-10-31,2,"tgt2",-1,0,NA,NA,1,"-1","11/18/2015","17613",17568,"2015-11-17"
"835","tgt us equity",2016-01-31,3,"tgt3",-1,0,NA,NA,1,"-1","2/24/2016","21626",21622.786,"2016-02-23"
"836","tgt us equity",2016-04-30,4,"tgt4",1,0,NA,NA,-1,"1","5/18/2016","16196",16313.7,"2016-05-17"
"837","tgt us equity",2016-07-31,5,"tgt5",1,0,NA,NA,-1,"1","8/17/2016","16169",16172.526,"2016-08-16"
"838","tgt us equity",2016-10-31,6,"tgt6",1,1,NA,NA,1,"1","11/16/2016","16441",16302.316,"2016-11-15"
"839","tgt us equity",2017-01-31,7,"tgt7",-1,0,NA,NA,1,"-1","2/28/2017","20690",20682.091,"2017-02-27"
"840","tgt us equity",2017-04-30,8,"tgt8",1,1,NA,NA,1,"1","5/17/2017","16017",15620.455,"2017-05-16"
"841","titn us equity",2015-04-30,0,"titn0",-1,0,NA,NA,1,"-1","5/28/2015","353.196",352,"2015-05-27"
"842","titn us equity",2015-07-31,1,"titn1",-1,1,NA,NA,-1,"-1","9/9/2015","334.19",361,"2015-09-08"
"843","titn us equity",2015-10-31,2,"titn2",-1,1,NA,NA,-1,"-1","12/3/2015","344.975",417.625,"2015-12-02"
"844","titn us equity",2016-01-31,3,"titn3",-1,0,NA,NA,1,"-1","4/13/2016","335.474",335.143,"2016-04-12"
"845","titn us equity",2016-04-30,4,"titn4",1,0,NA,NA,-1,"1","5/26/2016","284.86",290.5,"2016-05-25"
"846","titn us equity",2016-07-31,5,"titn5",1,0,NA,NA,-1,"1","8/25/2016","278.333",291.25,"2016-08-24"
"847","titn us equity",2016-10-31,6,"titn6",-1,0,NA,NA,1,"-1","11/30/2016","332.266",305.429,"2016-11-29"
"848","titn us equity",2017-01-31,7,"titn7",-1,0,NA,NA,1,"-1","3/30/2017","317.621",316.857,"2017-03-29"
"849","titn us equity",2017-04-30,8,"titn8",1,1,NA,NA,1,"1","5/25/2017","264.118",258.857,"2017-05-24"
"850","tjx us equity",2015-04-30,0,"tjx0",1,1,NA,NA,1,NA,"5/19/2015","6865.637",6795.692,"2015-05-18"
"851","tjx us equity",2015-07-31,1,"tjx1",1,1,NA,NA,1,NA,"8/18/2015","7363.731",7254.625,"2015-08-17"
"852","tjx us equity",2015-10-31,2,"tjx2",1,1,NA,NA,1,"1","11/17/2015","7753.495",7732.52,"2015-11-16"
"853","tjx us equity",2016-01-31,3,"tjx3",-1,0,NA,NA,1,"-1","2/24/2016","8962.075",8726.96,"2016-02-23"
"854","tjx us equity",2016-04-30,4,"tjx4",1,1,NA,NA,1,"1","5/17/2016","7542.356",7290.833,"2016-05-16"
"855","tjx us equity",2016-07-31,5,"tjx5",1,1,NA,NA,1,"1","8/16/2016","7882.053",7855.333,"2016-08-15"
"856","tjx us equity",2016-10-31,6,"tjx6",1,1,NA,NA,1,"1","11/15/2016","8291.688",8224.652,"2016-11-14"
"857","tjx us equity",2017-01-31,7,"tjx7",-1,0,NA,NA,1,"-1","2/22/2017","9467.647",9441.385,"2017-02-21"
"858","tjx us equity",2017-04-30,8,"tjx8",-1,1,NA,NA,-1,"-1","5/16/2017","7784.024",7880.96,NA
"859","tts us equity",2015-03-31,0,"tts0",1,1,NA,NA,1,"1","4/21/2015","72.963",70.7,"2015-04-20"
"860","tts us equity",2015-06-30,1,"tts1",1,1,NA,NA,1,"1","7/21/2015","75.706",73.7,"2015-07-20"
"861","tts us equity",2015-09-30,2,"tts2",1,1,NA,NA,1,"1","10/20/2015","72.404",69.85,"2015-10-19"
"862","tts us equity",2015-12-31,3,"tts3",1,0,NA,NA,-1,"1","2/16/2016","71.914",72,"2016-02-15"
"863","tts us equity",2016-03-31,4,"tts4",-1,0,NA,NA,1,"-1","4/19/2016","84.714",80.483,"2016-04-18"
"864","tts us equity",2016-06-30,5,"tts5",-1,1,NA,NA,-1,"-1","7/19/2016","84.27",84.4,"2016-07-18"
"865","tts us equity",2016-09-30,6,"tts6",1,1,NA,NA,1,"1","10/18/2016","78.559",78.22,"2016-10-17"
"866","tts us equity",2016-12-31,7,"tts7",1,0,NA,NA,-1,"1","2/14/2017","76.614",78.6,"2017-02-13"
"867","tts us equity",2017-03-31,8,"tts8",-1,0,NA,NA,1,"-1","4/18/2017","92.135",89.9,"2017-04-17"
"868","tues us equity",2015-03-31,0,"tues0",1,0,"1","-1",-1,"1","4/30/2015","189.726",194,"2015-04-30"
"869","tues us equity",2015-06-30,1,"tues1",-1,1,"-1","-1",-1,"-1","8/20/2015","213.03",219.5,"2015-08-20"
"870","tues us equity",2015-09-30,2,"tues2",-1,1,"-1",NA,-1,"-1","10/29/2015","202.328",203.5,"2015-10-29"
"871","tues us equity",2015-12-31,3,"tues3",-1,0,"-1","-1",1,"-1","1/29/2016","319.876",305.4,"2016-01-28"
"872","tues us equity",2016-03-31,4,"tues4",1,1,"1","1",1,"1","4/29/2016","211.38",203.667,"2016-04-28"
"873","tues us equity",2016-06-30,5,"tues5",1,0,"1","1",-1,"1","8/19/2016","222.812",228,"2016-08-18"
"874","tues us equity",2016-09-30,6,"tues6",1,0,"1","1",-1,"1","10/27/2016","211.885",215.5,"2016-10-26"
"875","tues us equity",2016-12-31,7,"tues7",-1,0,"-1","-1",1,"-1","2/3/2017","328.137",327.25,"2017-02-02"
"876","tues us equity",2017-03-31,8,"tues8",1,0,"1","1",-1,"1","5/4/2017","203.001",206,"2017-05-03"
"877","txrh us equity",2015-03-31,0,"txrh0",-1,1,"-1","-1",-1,"-1","5/4/2015","460.23",465.824,"2015-05-04"
"878","txrh us equity",2015-06-30,1,"txrh1",1,1,"1","1",1,"1","8/3/2015","454.698",451.105,"2015-08-03"
"879","txrh us equity",2015-09-30,2,"txrh2",1,0,"1","1",-1,"1","11/2/2015","438.089",439.35,"2015-11-02"
"880","txrh us equity",2015-12-31,3,"txrh3",1,1,"1","1",1,"1","2/22/2016","454.351",453.765,"2016-02-22"
"881","txrh us equity",2016-03-31,4,"txrh4",-1,1,"-1","-1",-1,"-1","5/2/2016","515.559",516.3,"2016-05-02"
"882","txrh us equity",2016-06-30,5,"txrh5",-1,1,"-1","-1",-1,"-1","8/1/2016","508.808",509.316,"2016-08-01"
"883","txrh us equity",2016-09-30,6,"txrh6",1,0,"1","1",-1,"1","11/1/2016","481.637",483.842,"2016-11-01"
"884","txrh us equity",2016-12-31,7,"txrh7",1,0,"1","1",-1,"1","2/21/2017","484.71",497.4,"2017-02-21"
"885","txrh us equity",2017-03-31,8,"txrh8",-1,0,"-1","-1",1,"-1","5/1/2017","567.686",560.684,"2017-05-01"
"886","wen us equity",2015-03-31,0,"wen0",1,0,NA,NA,-1,"1","5/6/2015","466.246",473.083,"2015-05-05"
"887","wen us equity",2015-06-30,1,"wen1",-1,0,NA,NA,1,"-1","8/5/2015","489.534",487.917,"2015-08-04"
"888","wen us equity",2015-09-30,2,"wen2",1,1,NA,NA,1,"1","11/4/2015","464.629",434.769,"2015-11-03"
"889","wen us equity",2015-12-31,3,"wen3",-1,0,NA,NA,1,"-1","2/9/2016","464.365",457.769,"2016-02-08"
"890","wen us equity",2016-03-31,4,"wen4",1,1,NA,NA,1,"1","5/11/2016","378.787",349.867,"2016-05-10"
"891","wen us equity",2016-06-30,5,"wen5",-1,0,NA,NA,1,"-1","8/10/2016","382.718",367,"2016-08-09"
"892","wen us equity",2016-09-30,6,"wen6",-1,0,NA,NA,1,"-1","11/9/2016","364.012",351.235,"2016-11-08"
"893","wen us equity",2016-12-31,7,"wen7",1,1,NA,NA,1,"1","2/16/2017","309.901",308.706,"2017-02-15"
"894","wen us equity",2017-03-31,8,"wen8",1,1,NA,NA,1,"1","5/10/2017","285.819",282.353,"2017-05-09"
"895","wfm us equity",2015-03-31,0,"wfm0",-1,1,NA,NA,-1,NA,"5/6/2015","3647",3704.308,"2015-05-06"
"896","wfm us equity",2015-06-30,1,"wfm1",1,0,NA,NA,-1,NA,"7/29/2015","3632",3686.37,"2015-07-29"
"897","wfm us equity",2015-09-30,2,"wfm2",1,0,NA,NA,-1,NA,"11/4/2015","3438",3471.154,"2015-11-04"
"898","wfm us equity",2015-12-31,3,"wfm3",-1,0,NA,NA,1,NA,"2/10/2016","4829",4815.118,"2016-02-10"
"899","wfm us equity",2016-03-31,4,"wfm4",-1,1,NA,NA,-1,NA,"5/4/2016","3696",3740.542,"2016-05-04"
"900","wfm us equity",2016-06-30,5,"wfm5",1,0,NA,NA,-1,NA,"7/27/2016","3703",3718.955,"2016-07-27"
"901","wfm us equity",2016-09-30,6,"wfm6",1,0,NA,NA,-1,NA,"11/2/2016","3497",3509.579,"2016-11-02"
"902","wfm us equity",2016-12-31,7,"wfm7",-1,1,NA,NA,-1,NA,"2/8/2017","4918",4966.063,"2017-02-08"
"903","wfm us equity",2017-03-31,8,"wfm8",1,1,NA,NA,1,NA,"5/10/2017","3737",3727.158,"2017-05-10"
"904","wmt us equity",2015-04-30,0,"wmt0",1,0,NA,NA,-1,"1","5/19/2015","114826",116229.667,"2015-05-18"
"905","wmt us equity",2015-07-31,1,"wmt1",-1,0,NA,NA,1,"-1","8/18/2015","120229",119732.9,"2015-08-17"
"906","wmt us equity",2015-10-31,2,"wmt2",1,0,NA,NA,-1,"1","11/17/2015","117408",118101.647,"2015-11-16"
"907","wmt us equity",2016-01-31,3,"wmt3",-1,1,NA,NA,-1,"-1","2/18/2016","129667",130597.895,"2016-02-17"
"908","wmt us equity",2016-04-30,4,"wmt4",1,1,NA,NA,1,"1","5/19/2016","115904",113405.5,"2016-05-18"
"909","wmt us equity",2016-07-31,5,"wmt5",1,1,NA,NA,1,"1","8/18/2016","120854",120312.842,"2016-08-17"
"910","wmt us equity",2016-10-31,6,"wmt6",-1,1,NA,NA,-1,"-1","11/17/2016","118179",118755.95,"2016-11-16"
"911","wmt us equity",2017-01-31,7,"wmt7",-1,1,NA,NA,-1,"-1","2/21/2017","130936",131093.261,"2017-02-20"
"912","wmt us equity",2017-04-30,8,"wmt8",1,0,NA,NA,-1,"1","5/18/2017","117542",117720.042,"2017-05-17"
"913","woof us equity",2015-03-31,0,"woof0",1,1,NA,NA,1,"1","4/29/2015","499.453",497.625,"2015-04-28"
"914","woof us equity",2015-06-30,1,"woof1",1,1,NA,NA,1,"1","7/29/2015","548.785",538.5,"2015-07-28"
"915","woof us equity",2015-09-30,2,"woof2",-1,1,NA,NA,-1,"-1","10/28/2015","551.717",554.125,"2015-10-27"
"916","woof us equity",2015-12-31,3,"woof3",1,1,NA,NA,1,"1","2/11/2016","533.72",531,"2016-02-10"
"917","woof us equity",2016-03-31,4,"woof4",1,1,NA,NA,1,"1","4/27/2016","563.439",555.625,"2016-04-26"
"918","woof us equity",2016-06-30,5,"woof5",-1,0,NA,NA,1,"-1","7/27/2016","653.489",637.333,"2016-07-26"
"919","woof us equity",2016-09-30,6,"woof6",-1,1,NA,NA,-1,"-1","10/26/2016","656.854",669,"2016-10-25"
"920","woof us equity",2016-12-31,7,"woof7",1,1,NA,NA,1,"1","2/9/2017","643.081",642.8,"2017-02-08"
"921","woof us equity",2017-03-31,8,"woof8",-1,0,NA,NA,1,"-1","4/27/2017","678.251",676.5,"2017-04-27"
"922","wsm us equity",2015-04-30,0,"wsm0",1,1,"-1","1",1,NA,"5/20/2015","1030.676",1009.583,"2015-05-20"
"923","wsm us equity",2015-07-31,1,"wsm1",1,1,"1","1",1,"1","8/26/2015","1127.028",1107.696,"2015-08-26"
"924","wsm us equity",2015-10-31,2,"wsm2",-1,0,"-1","-1",1,"-1","11/19/2015","1232.082",1215.72,"2015-11-19"
"925","wsm us equity",2016-01-31,3,"wsm3",-1,1,"-1","-1",-1,"-1","3/16/2016","1586.304",1619.333,"2016-03-16"
"926","wsm us equity",2016-04-30,4,"wsm4",1,1,"1","1",1,"1","5/25/2016","1097.817",1078.913,"2016-05-25"
"927","wsm us equity",2016-07-31,5,"wsm5",-1,1,"1","1",-1,"1","8/24/2016","1159.029",1166.682,"2016-08-24"
"928","wsm us equity",2016-10-31,6,"wsm6",1,0,"1","1",-1,"1","11/17/2016","1245.385",1262.667,"2016-11-17"
"929","wsm us equity",2017-01-31,7,"wsm7",1,0,"-1","-1",-1,"1","3/15/2017","1581.581",1605.913,"2017-03-15"
"930","wsm us equity",2017-04-30,8,"wsm8",-1,0,"-1","1",1,"-1","5/24/2017","1111.507",1105.522,"2017-05-24"
"931","yum us equity",2015-03-31,0,"yum0",1,0,NA,NA,-1,NA,"4/21/2015","2622",2648.813,"2015-04-21"
"932","yum us equity",2015-06-30,1,"yum1",1,0,NA,NA,-1,NA,"7/14/2015","3105",3139.857,"2015-07-14"
"933","yum us equity",2015-09-30,2,"yum2",1,0,NA,NA,-1,"-1","10/6/2015","3427",3599.333,"2015-10-06"
"934","yum us equity",2015-12-31,3,"yum3",-1,1,NA,NA,-1,"-1","2/3/2016","3951",4031.556,"2016-02-03"
"935","yum us equity",2016-03-31,4,"yum4",-1,1,NA,NA,-1,"1","4/20/2016","2619",2658.944,"2016-04-20"
"936","yum us equity",2016-06-30,5,"yum5",-1,1,NA,NA,-1,"1","7/13/2016","3008",3066.882,"2016-07-13"
"937","yum us equity",2016-09-30,6,"yum6",-1,1,NA,NA,-1,"1","10/5/2016","3316",3494.375,"2016-10-05"
"938","yum us equity",2016-12-31,7,"yum7",1,0,NA,NA,-1,"1","2/9/2017","2024",2040.375,"2017-02-08"
"939","yum us equity",2017-03-31,8,"yum8",1,1,NA,NA,1,"1","5/3/2017","1417",1377.778,"2017-05-02"
"940","zumz us equity",2015-04-30,0,"zumz0",-1,0,"-1","-1",1,NA,"6/4/2015","177.61",176.941,"2015-06-04"
"941","zumz us equity",2015-07-31,1,"zumz1",1,0,"1","1",-1,NA,"9/10/2015","179.819",180.118,"2015-09-10"
"942","zumz us equity",2015-10-31,2,"zumz2",-1,0,"-1","-1",1,NA,"12/3/2015","204.32",204.267,"2015-12-03"
"943","zumz us equity",2016-01-31,3,"zumz3",-1,0,"-1","-1",1,NA,"3/10/2016","242.434",240.786,"2016-03-10"
"944","zumz us equity",2016-04-30,4,"zumz4",1,1,"1","1",1,NA,"6/2/2016","174.699",171.8,"2016-06-02"
"945","zumz us equity",2016-07-31,5,"zumz5",1,1,"1","1",1,NA,"9/8/2016","178.272",177.667,"2016-09-08"
"946","zumz us equity",2016-10-31,6,"zumz6",-1,0,"-1","-1",1,NA,"12/1/2016","221.391",220,"2016-12-01"
"947","zumz us equity",2017-01-31,7,"zumz7",-1,0,"-1","-1",1,NA,"3/9/2017","263.635",262.2,"2017-03-09"
"948","zumz us equity",2017-04-30,8,"zumz8",1,1,"1","1",1,NA,"6/1/2017","181.155",179.8,"2017-06-01"
